Device: cuda
Experiments: 67
[1/67] Experiment: baseline
epoch: 1, train loss: 1.4984828107833863, val_acc: 0.5654, val_loss: 1.2200778915405273
epoch: 2, train loss: 1.111792996482849, val_acc: 0.6425, val_loss: 1.010172232055664
epoch: 3, train loss: 0.9421325073623658, val_acc: 0.66, val_loss: 1.0095821054458618
epoch: 4, train loss: 0.8576485933113098, val_acc: 0.7051, val_loss: 0.8399180561065673
epoch: 5, train loss: 0.7772540434646606, val_acc: 0.7373, val_loss: 0.7701769337654114
epoch: 6, train loss: 0.7205866704559326, val_acc: 0.7481, val_loss: 0.7295040356636048
epoch: 7, train loss: 0.679222246131897, val_acc: 0.7357, val_loss: 0.754532051563263
epoch: 8, train loss: 0.6471119626426697, val_acc: 0.7737, val_loss: 0.6720522975921631
epoch: 9, train loss: 0.6150285810661316, val_acc: 0.7628, val_loss: 0.695799036026001
epoch: 10, train loss: 0.5955597284317017, val_acc: 0.7831, val_loss: 0.6427118600845337
epoch: 11, train loss: 0.5631836891555786, val_acc: 0.7884, val_loss: 0.6274516279220581
epoch: 12, train loss: 0.5491939766693116, val_acc: 0.812, val_loss: 0.5439373294830322
epoch: 13, train loss: 0.5265852264690399, val_acc: 0.8017, val_loss: 0.581335834980011
epoch: 14, train loss: 0.5128151392745972, val_acc: 0.8008, val_loss: 0.5824510162353516
epoch: 15, train loss: 0.49532191473007203, val_acc: 0.8075, val_loss: 0.5687237552642822
epoch: 16, train loss: 0.4844569690322876, val_acc: 0.812, val_loss: 0.5463896457672119
epoch: 17, train loss: 0.4688328104305267, val_acc: 0.8238, val_loss: 0.5126661049842834
epoch: 18, train loss: 0.44837055978775026, val_acc: 0.8181, val_loss: 0.5308130603790283
epoch: 19, train loss: 0.44319328490257265, val_acc: 0.8217, val_loss: 0.5166955575942993
Accuracy class 0 = 90.6 %
Accuracy class 1 = 94.0 %
Accuracy class 2 = 70.0 %
Accuracy class 3 = 74.5 %
Accuracy class 4 = 89.1 %
Accuracy class 5 = 75.5 %
Accuracy class 6 = 85.2 %
Accuracy class 7 = 78.5 %
Accuracy class 8 = 82.5 %
Accuracy class 9 = 88.1 %
epoch: 20, train loss: 0.4335973495674133, val_acc: 0.828, val_loss: 0.511611229801178
{'name': 'baseline', 'noise_type': 'baseline', 'group': 'none', 'value': 0.0, 'activation_sigma1': 0.0, 'activation_sigma2': 0.0, 'activation_sigma3': 0.0, 'parameter_omega1': 0.0, 'parameter_omega2': 0.0, 'parameter_omega3': 0.0, 'clean_loss': 0.511611229801178, 'clean_accuracy': 0.828, 'transfer_fgsm_accuracy': 0.0215, 'transfer_pgd_accuracy': 0.0, 'training_time_seconds': 114.98460698127747}
[2/67] Experiment: activation_early_0.0025
epoch: 1, train loss: 1.4973462503814696, val_acc: 0.5544, val_loss: 1.2420786838531495
epoch: 2, train loss: 1.109580507774353, val_acc: 0.6421, val_loss: 1.0162156450271607
epoch: 3, train loss: 0.9424632751464844, val_acc: 0.6788, val_loss: 0.9213087164878845
epoch: 4, train loss: 0.8560693173027039, val_acc: 0.6714, val_loss: 0.9671709692001342
epoch: 5, train loss: 0.7783937598228454, val_acc: 0.7369, val_loss: 0.7708544872283936
epoch: 6, train loss: 0.7212197220802307, val_acc: 0.7487, val_loss: 0.7333087387084961
epoch: 7, train loss: 0.6841481888198853, val_acc: 0.7564, val_loss: 0.6813788509368897
epoch: 8, train loss: 0.6486188946151733, val_acc: 0.7505, val_loss: 0.7568137850761414
epoch: 9, train loss: 0.6184814678192139, val_acc: 0.785, val_loss: 0.6282037372589111
epoch: 10, train loss: 0.5988695660018921, val_acc: 0.7796, val_loss: 0.6520130764007568
epoch: 11, train loss: 0.5679658456420899, val_acc: 0.789, val_loss: 0.6194951196670532
epoch: 12, train loss: 0.550783745918274, val_acc: 0.8121, val_loss: 0.5531707796096802
epoch: 13, train loss: 0.5284818327331543, val_acc: 0.8128, val_loss: 0.5496709964752198
epoch: 14, train loss: 0.5101521705627441, val_acc: 0.7732, val_loss: 0.6711528214454651
epoch: 15, train loss: 0.49417941198348997, val_acc: 0.7996, val_loss: 0.5824598704338074
epoch: 16, train loss: 0.48820451917648316, val_acc: 0.8099, val_loss: 0.5613327816009521
epoch: 17, train loss: 0.47794324144363404, val_acc: 0.8146, val_loss: 0.5405277011871338
epoch: 18, train loss: 0.45371722927093505, val_acc: 0.8176, val_loss: 0.5461593426704406
epoch: 19, train loss: 0.4460860313129425, val_acc: 0.8212, val_loss: 0.5399851818084717
Accuracy class 0 = 87.9 %
Accuracy class 1 = 91.1 %
Accuracy class 2 = 77.6 %
Accuracy class 3 = 77.1 %
Accuracy class 4 = 87.4 %
Accuracy class 5 = 63.5 %
Accuracy class 6 = 86.5 %
Accuracy class 7 = 80.0 %
Accuracy class 8 = 85.6 %
Accuracy class 9 = 91.6 %
epoch: 20, train loss: 0.4347595167732239, val_acc: 0.8283, val_loss: 0.512494115447998
{'name': 'activation_early_0.0025', 'noise_type': 'activation', 'group': 'early', 'value': 0.0025, 'activation_sigma1': 0.0025, 'activation_sigma2': 0.0, 'activation_sigma3': 0.0, 'parameter_omega1': 0.0, 'parameter_omega2': 0.0, 'parameter_omega3': 0.0, 'clean_loss': 0.512494115447998, 'clean_accuracy': 0.8283, 'transfer_fgsm_accuracy': 0.0652, 'transfer_pgd_accuracy': 0.0001, 'training_time_seconds': 113.14487051963806}
[3/67] Experiment: activation_late_0.0025
epoch: 1, train loss: 1.4969344103622437, val_acc: 0.564, val_loss: 1.2158719800949096
epoch: 2, train loss: 1.111742207107544, val_acc: 0.6476, val_loss: 0.9924990865707397
epoch: 3, train loss: 0.9418875073432922, val_acc: 0.6641, val_loss: 0.9857148344039917
epoch: 4, train loss: 0.8563458180046082, val_acc: 0.7122, val_loss: 0.8240841089248657
epoch: 5, train loss: 0.7767579702568054, val_acc: 0.735, val_loss: 0.7759906587600708
epoch: 6, train loss: 0.7215673014450074, val_acc: 0.7582, val_loss: 0.7052394422531127
epoch: 7, train loss: 0.6779648544692993, val_acc: 0.7366, val_loss: 0.7484302757263184
epoch: 8, train loss: 0.6479761474609375, val_acc: 0.7457, val_loss: 0.7686237422943115
epoch: 9, train loss: 0.6186882207107544, val_acc: 0.7821, val_loss: 0.6314843858718872
epoch: 10, train loss: 0.5990230548477173, val_acc: 0.7889, val_loss: 0.6117816764831543
epoch: 11, train loss: 0.5689137987327576, val_acc: 0.7855, val_loss: 0.6256030449867248
epoch: 12, train loss: 0.5495017960739136, val_acc: 0.8083, val_loss: 0.5595973031997681
epoch: 13, train loss: 0.5253112734222413, val_acc: 0.7944, val_loss: 0.606344926071167
epoch: 14, train loss: 0.5114311449050903, val_acc: 0.8173, val_loss: 0.5395766445159912
epoch: 15, train loss: 0.4951364688205719, val_acc: 0.7947, val_loss: 0.6159371190071106
epoch: 16, train loss: 0.48718664148330687, val_acc: 0.8211, val_loss: 0.5159501653671265
epoch: 17, train loss: 0.47087388734817504, val_acc: 0.8209, val_loss: 0.5263393002510071
epoch: 18, train loss: 0.45350864109039307, val_acc: 0.811, val_loss: 0.5670994294166565
epoch: 19, train loss: 0.44948065698623657, val_acc: 0.8241, val_loss: 0.5262184048652649
Accuracy class 0 = 88.3 %
Accuracy class 1 = 93.4 %
Accuracy class 2 = 71.5 %
Accuracy class 3 = 70.3 %
Accuracy class 4 = 89.4 %
Accuracy class 5 = 72.3 %
Accuracy class 6 = 82.2 %
Accuracy class 7 = 83.6 %
Accuracy class 8 = 86.2 %
Accuracy class 9 = 90.5 %
epoch: 20, train loss: 0.4323865685176849, val_acc: 0.8277, val_loss: 0.511912973022461
{'name': 'activation_late_0.0025', 'noise_type': 'activation', 'group': 'late', 'value': 0.0025, 'activation_sigma1': 0.0, 'activation_sigma2': 0.0025, 'activation_sigma3': 0.0, 'parameter_omega1': 0.0, 'parameter_omega2': 0.0, 'parameter_omega3': 0.0, 'clean_loss': 0.511912973022461, 'clean_accuracy': 0.8277, 'transfer_fgsm_accuracy': 0.0582, 'transfer_pgd_accuracy': 0.0003, 'training_time_seconds': 113.13845086097717}
[4/67] Experiment: activation_classifier_0.0025
epoch: 1, train loss: 1.4972605922317506, val_acc: 0.5653, val_loss: 1.2155793817520142
epoch: 2, train loss: 1.1062800106048585, val_acc: 0.6284, val_loss: 1.0813591718673705
epoch: 3, train loss: 0.9401943101882935, val_acc: 0.6614, val_loss: 0.9998792123794555
epoch: 4, train loss: 0.8553515502929687, val_acc: 0.7061, val_loss: 0.8500575355529785
epoch: 5, train loss: 0.7765479998779297, val_acc: 0.7393, val_loss: 0.7669824945449829
epoch: 6, train loss: 0.7196844945907592, val_acc: 0.7467, val_loss: 0.7332428206443786
epoch: 7, train loss: 0.680458035068512, val_acc: 0.753, val_loss: 0.7006807542800904
epoch: 8, train loss: 0.646356836566925, val_acc: 0.7598, val_loss: 0.7251413940429687
epoch: 9, train loss: 0.6193739080619812, val_acc: 0.777, val_loss: 0.6500878399848938
epoch: 10, train loss: 0.5968998940849304, val_acc: 0.7579, val_loss: 0.7264138784408569
epoch: 11, train loss: 0.5680779590988159, val_acc: 0.7877, val_loss: 0.6311021285057068
epoch: 12, train loss: 0.5456908240699768, val_acc: 0.8068, val_loss: 0.5609616999626159
epoch: 13, train loss: 0.52949028383255, val_acc: 0.8052, val_loss: 0.5819746189117432
epoch: 14, train loss: 0.5084635786819458, val_acc: 0.7977, val_loss: 0.5858641320228577
epoch: 15, train loss: 0.4953990492248535, val_acc: 0.8023, val_loss: 0.5752319088935852
epoch: 16, train loss: 0.4844606592845917, val_acc: 0.8219, val_loss: 0.5241329002380372
epoch: 17, train loss: 0.4710264377975464, val_acc: 0.8119, val_loss: 0.549537488079071
epoch: 18, train loss: 0.4533737000656128, val_acc: 0.8188, val_loss: 0.5408498405456543
epoch: 19, train loss: 0.449043060836792, val_acc: 0.8251, val_loss: 0.5080581665992737
Accuracy class 0 = 88.8 %
Accuracy class 1 = 91.5 %
Accuracy class 2 = 68.4 %
Accuracy class 3 = 71.2 %
Accuracy class 4 = 89.4 %
Accuracy class 5 = 68.0 %
Accuracy class 6 = 88.7 %
Accuracy class 7 = 81.5 %
Accuracy class 8 = 84.8 %
Accuracy class 9 = 93.7 %
epoch: 20, train loss: 0.4345898002243042, val_acc: 0.826, val_loss: 0.5229788773536682
{'name': 'activation_classifier_0.0025', 'noise_type': 'activation', 'group': 'classifier', 'value': 0.0025, 'activation_sigma1': 0.0, 'activation_sigma2': 0.0, 'activation_sigma3': 0.0025, 'parameter_omega1': 0.0, 'parameter_omega2': 0.0, 'parameter_omega3': 0.0, 'clean_loss': 0.5229788773536682, 'clean_accuracy': 0.826, 'transfer_fgsm_accuracy': 0.0584, 'transfer_pgd_accuracy': 0.0003, 'training_time_seconds': 113.66956973075867}
[5/67] Experiment: activation_early_0.005
epoch: 1, train loss: 1.4973694585418702, val_acc: 0.5759, val_loss: 1.1826555128097533
epoch: 2, train loss: 1.106562995223999, val_acc: 0.6552, val_loss: 0.9819311538696289
epoch: 3, train loss: 0.942445655708313, val_acc: 0.6694, val_loss: 0.9903366050720215
epoch: 4, train loss: 0.8557175849533081, val_acc: 0.7137, val_loss: 0.8099098533630371
epoch: 5, train loss: 0.7775538234329223, val_acc: 0.7445, val_loss: 0.7407837536811829
epoch: 6, train loss: 0.7194403212738038, val_acc: 0.7511, val_loss: 0.7224227861404419
epoch: 7, train loss: 0.6797303330993653, val_acc: 0.7533, val_loss: 0.696056231880188
epoch: 8, train loss: 0.6457809719276428, val_acc: 0.7577, val_loss: 0.7252600401878357
epoch: 9, train loss: 0.6145265780258179, val_acc: 0.7763, val_loss: 0.651109105682373
epoch: 10, train loss: 0.5967181268692017, val_acc: 0.7778, val_loss: 0.6609449413299561
epoch: 11, train loss: 0.5675716924476624, val_acc: 0.7996, val_loss: 0.5874483487129212
epoch: 12, train loss: 0.5483908685684205, val_acc: 0.8087, val_loss: 0.559378674030304
epoch: 13, train loss: 0.5289836369991302, val_acc: 0.8003, val_loss: 0.582812553691864
epoch: 14, train loss: 0.5065810527801514, val_acc: 0.8131, val_loss: 0.5551375849723816
epoch: 15, train loss: 0.49585319582939147, val_acc: 0.7982, val_loss: 0.6044348628044128
epoch: 16, train loss: 0.48775763593673704, val_acc: 0.8163, val_loss: 0.5362388291358948
epoch: 17, train loss: 0.4710437621212006, val_acc: 0.8229, val_loss: 0.5215612480163574
epoch: 18, train loss: 0.4524833777809143, val_acc: 0.8268, val_loss: 0.5182211860656738
epoch: 19, train loss: 0.44651488953590396, val_acc: 0.829, val_loss: 0.5084368894577026
Accuracy class 0 = 87.9 %
Accuracy class 1 = 90.7 %
Accuracy class 2 = 71.8 %
Accuracy class 3 = 73.6 %
Accuracy class 4 = 87.0 %
Accuracy class 5 = 69.5 %
Accuracy class 6 = 89.5 %
Accuracy class 7 = 79.3 %
Accuracy class 8 = 92.2 %
Accuracy class 9 = 91.7 %
epoch: 20, train loss: 0.4325112347316742, val_acc: 0.8332, val_loss: 0.49873425931930543
{'name': 'activation_early_0.005', 'noise_type': 'activation', 'group': 'early', 'value': 0.005, 'activation_sigma1': 0.005, 'activation_sigma2': 0.0, 'activation_sigma3': 0.0, 'parameter_omega1': 0.0, 'parameter_omega2': 0.0, 'parameter_omega3': 0.0, 'clean_loss': 0.49873425931930543, 'clean_accuracy': 0.8332, 'transfer_fgsm_accuracy': 0.0825, 'transfer_pgd_accuracy': 0.0005, 'training_time_seconds': 113.08267617225647}
[6/67] Experiment: activation_late_0.005
epoch: 1, train loss: 1.4979990145874023, val_acc: 0.5794, val_loss: 1.1596025844573974
epoch: 2, train loss: 1.1092328187179565, val_acc: 0.625, val_loss: 1.0912760414123535
epoch: 3, train loss: 0.9423035563659667, val_acc: 0.6862, val_loss: 0.9144091846466065
epoch: 4, train loss: 0.855759751777649, val_acc: 0.7097, val_loss: 0.8283257150650024
epoch: 5, train loss: 0.7771750805473328, val_acc: 0.7409, val_loss: 0.74711615524292
epoch: 6, train loss: 0.7202593032836914, val_acc: 0.7524, val_loss: 0.7364330787658692
epoch: 7, train loss: 0.6820085128593445, val_acc: 0.7549, val_loss: 0.6935771110534668
epoch: 8, train loss: 0.6493095999717713, val_acc: 0.7543, val_loss: 0.7240898325920105
epoch: 9, train loss: 0.6171127551651001, val_acc: 0.7768, val_loss: 0.6633336185455322
epoch: 10, train loss: 0.5967835689163208, val_acc: 0.7858, val_loss: 0.6274156949996949
epoch: 11, train loss: 0.5688200857162475, val_acc: 0.7899, val_loss: 0.6147149455070495
epoch: 12, train loss: 0.5508283176803589, val_acc: 0.8098, val_loss: 0.5476096106529236
epoch: 13, train loss: 0.5313297184181214, val_acc: 0.8054, val_loss: 0.5647590214729309
epoch: 14, train loss: 0.5096903160285949, val_acc: 0.81, val_loss: 0.5640909167289734
epoch: 15, train loss: 0.49758601808547975, val_acc: 0.8053, val_loss: 0.5795085359573364
epoch: 16, train loss: 0.49116669939041135, val_acc: 0.8058, val_loss: 0.5541919819831849
epoch: 17, train loss: 0.475513637714386, val_acc: 0.8148, val_loss: 0.542487105178833
epoch: 18, train loss: 0.4554158695602417, val_acc: 0.8109, val_loss: 0.5752669347763062
epoch: 19, train loss: 0.4505942630958557, val_acc: 0.818, val_loss: 0.542702829837799
Accuracy class 0 = 87.8 %
Accuracy class 1 = 90.8 %
Accuracy class 2 = 72.9 %
Accuracy class 3 = 78.4 %
Accuracy class 4 = 85.3 %
Accuracy class 5 = 70.8 %
Accuracy class 6 = 84.6 %
Accuracy class 7 = 75.9 %
Accuracy class 8 = 85.8 %
Accuracy class 9 = 91.6 %
epoch: 20, train loss: 0.43647457904815673, val_acc: 0.8239, val_loss: 0.5248135613441467
{'name': 'activation_late_0.005', 'noise_type': 'activation', 'group': 'late', 'value': 0.005, 'activation_sigma1': 0.0, 'activation_sigma2': 0.005, 'activation_sigma3': 0.0, 'parameter_omega1': 0.0, 'parameter_omega2': 0.0, 'parameter_omega3': 0.0, 'clean_loss': 0.5248135613441467, 'clean_accuracy': 0.8239, 'transfer_fgsm_accuracy': 0.0649, 'transfer_pgd_accuracy': 0.0001, 'training_time_seconds': 112.76479816436768}
[7/67] Experiment: activation_classifier_0.005
epoch: 1, train loss: 1.4976867021179199, val_acc: 0.5724, val_loss: 1.2019805856704713
epoch: 2, train loss: 1.1062979139328002, val_acc: 0.6491, val_loss: 0.9867849294662475
epoch: 3, train loss: 0.9406761107254028, val_acc: 0.6712, val_loss: 0.945451612663269
epoch: 4, train loss: 0.855981405506134, val_acc: 0.7007, val_loss: 0.8622950378417968
epoch: 5, train loss: 0.7748411715698242, val_acc: 0.7275, val_loss: 0.7927270469665527
epoch: 6, train loss: 0.7181232333755493, val_acc: 0.7423, val_loss: 0.7367768440246582
epoch: 7, train loss: 0.6780163141441345, val_acc: 0.7567, val_loss: 0.688983347415924
epoch: 8, train loss: 0.6454904905700684, val_acc: 0.7292, val_loss: 0.8353862784385682
epoch: 9, train loss: 0.6132571060371399, val_acc: 0.786, val_loss: 0.628367566394806
epoch: 10, train loss: 0.5939966425514221, val_acc: 0.7853, val_loss: 0.627822165107727
epoch: 11, train loss: 0.5638435944747925, val_acc: 0.7936, val_loss: 0.6197039302825927
epoch: 12, train loss: 0.5488119545364379, val_acc: 0.8119, val_loss: 0.5466908510208129
epoch: 13, train loss: 0.5296204517936707, val_acc: 0.7922, val_loss: 0.6087136778831482
epoch: 14, train loss: 0.5062478868865967, val_acc: 0.8114, val_loss: 0.5606861048698425
epoch: 15, train loss: 0.49696649483680727, val_acc: 0.7989, val_loss: 0.5966024884223938
epoch: 16, train loss: 0.4873649314880371, val_acc: 0.8214, val_loss: 0.5220173728942871
epoch: 17, train loss: 0.4721103287887573, val_acc: 0.8223, val_loss: 0.5244071102142334
epoch: 18, train loss: 0.45256757900238037, val_acc: 0.8089, val_loss: 0.5749677505493164
epoch: 19, train loss: 0.4452270498085022, val_acc: 0.8302, val_loss: 0.4916475919723511
Accuracy class 0 = 86.5 %
Accuracy class 1 = 94.2 %
Accuracy class 2 = 71.9 %
Accuracy class 3 = 75.7 %
Accuracy class 4 = 87.1 %
Accuracy class 5 = 76.3 %
Accuracy class 6 = 83.5 %
Accuracy class 7 = 78.9 %
Accuracy class 8 = 87.9 %
Accuracy class 9 = 90.5 %
epoch: 20, train loss: 0.4313722166824341, val_acc: 0.8325, val_loss: 0.4955253776550293
{'name': 'activation_classifier_0.005', 'noise_type': 'activation', 'group': 'classifier', 'value': 0.005, 'activation_sigma1': 0.0, 'activation_sigma2': 0.0, 'activation_sigma3': 0.005, 'parameter_omega1': 0.0, 'parameter_omega2': 0.0, 'parameter_omega3': 0.0, 'clean_loss': 0.4955253776550293, 'clean_accuracy': 0.8325, 'transfer_fgsm_accuracy': 0.0625, 'transfer_pgd_accuracy': 0.0002, 'training_time_seconds': 112.55473446846008}
[8/67] Experiment: activation_early_0.01
epoch: 1, train loss: 1.4973152516937256, val_acc: 0.5736, val_loss: 1.2006947208404541
epoch: 2, train loss: 1.1118094031906127, val_acc: 0.6272, val_loss: 1.060375002861023
epoch: 3, train loss: 0.946011428565979, val_acc: 0.6541, val_loss: 1.0585307592391968
epoch: 4, train loss: 0.8580008531379699, val_acc: 0.6628, val_loss: 0.9824552324295044
epoch: 5, train loss: 0.7821387514686584, val_acc: 0.7393, val_loss: 0.7630491649627685
epoch: 6, train loss: 0.7231132419967652, val_acc: 0.7592, val_loss: 0.7020872706413269
epoch: 7, train loss: 0.6807554139709473, val_acc: 0.7498, val_loss: 0.7104792295455933
epoch: 8, train loss: 0.6503973041152954, val_acc: 0.7664, val_loss: 0.6938476722717285
epoch: 9, train loss: 0.6179362401962281, val_acc: 0.7787, val_loss: 0.6433781748771668
epoch: 10, train loss: 0.5962385864830017, val_acc: 0.7922, val_loss: 0.6074503485679627
epoch: 11, train loss: 0.5708791007137298, val_acc: 0.792, val_loss: 0.6115849319458008
epoch: 12, train loss: 0.5499597225570678, val_acc: 0.811, val_loss: 0.5471445773124695
epoch: 13, train loss: 0.5259517675209046, val_acc: 0.7997, val_loss: 0.5817264039039611
epoch: 14, train loss: 0.5078228782844544, val_acc: 0.7971, val_loss: 0.614692520904541
epoch: 15, train loss: 0.49504802498817446, val_acc: 0.8047, val_loss: 0.5761642561912537
epoch: 16, train loss: 0.48283721534729, val_acc: 0.8147, val_loss: 0.5382273750305175
epoch: 17, train loss: 0.47342385093688966, val_acc: 0.8142, val_loss: 0.538445760345459
epoch: 18, train loss: 0.45408150760650634, val_acc: 0.8159, val_loss: 0.534350463104248
epoch: 19, train loss: 0.44555849804878234, val_acc: 0.83, val_loss: 0.503871496963501
Accuracy class 0 = 91.1 %
Accuracy class 1 = 94.8 %
Accuracy class 2 = 74.7 %
Accuracy class 3 = 73.4 %
Accuracy class 4 = 87.5 %
Accuracy class 5 = 74.3 %
Accuracy class 6 = 85.1 %
Accuracy class 7 = 80.9 %
Accuracy class 8 = 86.7 %
Accuracy class 9 = 87.9 %
epoch: 20, train loss: 0.43162859363555905, val_acc: 0.8364, val_loss: 0.4939142382621765
{'name': 'activation_early_0.01', 'noise_type': 'activation', 'group': 'early', 'value': 0.01, 'activation_sigma1': 0.01, 'activation_sigma2': 0.0, 'activation_sigma3': 0.0, 'parameter_omega1': 0.0, 'parameter_omega2': 0.0, 'parameter_omega3': 0.0, 'clean_loss': 0.4939142382621765, 'clean_accuracy': 0.8364, 'transfer_fgsm_accuracy': 0.0648, 'transfer_pgd_accuracy': 0.0006, 'training_time_seconds': 112.67556262016296}
[9/67] Experiment: activation_late_0.01
epoch: 1, train loss: 1.5003899937057494, val_acc: 0.5684, val_loss: 1.198079263305664
epoch: 2, train loss: 1.1081705961227417, val_acc: 0.6381, val_loss: 1.020279253578186
epoch: 3, train loss: 0.9429082159042358, val_acc: 0.6678, val_loss: 0.9835379331588745
epoch: 4, train loss: 0.8603873497200012, val_acc: 0.7097, val_loss: 0.8435158953666687
epoch: 5, train loss: 0.7806152453994751, val_acc: 0.73, val_loss: 0.7967729693412781
epoch: 6, train loss: 0.7214389450263977, val_acc: 0.7342, val_loss: 0.7821596345901489
epoch: 7, train loss: 0.6820046190452576, val_acc: 0.7611, val_loss: 0.6840573905944825
epoch: 8, train loss: 0.6495978848838806, val_acc: 0.7649, val_loss: 0.6955124945640564
epoch: 9, train loss: 0.6179085581588745, val_acc: 0.7579, val_loss: 0.7033946215629577
epoch: 10, train loss: 0.5989103512954712, val_acc: 0.7753, val_loss: 0.6540572377204895
epoch: 11, train loss: 0.5697336670875549, val_acc: 0.7994, val_loss: 0.5852395848274231
epoch: 12, train loss: 0.5517372261810303, val_acc: 0.7864, val_loss: 0.6251917304992676
epoch: 13, train loss: 0.5304986937522889, val_acc: 0.7992, val_loss: 0.590944230556488
epoch: 14, train loss: 0.5119301172828674, val_acc: 0.8004, val_loss: 0.5845947896957397
epoch: 15, train loss: 0.4969216774177551, val_acc: 0.8154, val_loss: 0.5466544643402099
epoch: 16, train loss: 0.48933852600097655, val_acc: 0.8107, val_loss: 0.5486790113449097
epoch: 17, train loss: 0.47697930276870726, val_acc: 0.8243, val_loss: 0.5146109820365906
epoch: 18, train loss: 0.4548408539390564, val_acc: 0.8159, val_loss: 0.5539379646301269
epoch: 19, train loss: 0.44803412380218505, val_acc: 0.826, val_loss: 0.5018964864730835
Accuracy class 0 = 84.4 %
Accuracy class 1 = 91.7 %
Accuracy class 2 = 78.5 %
Accuracy class 3 = 74.8 %
Accuracy class 4 = 87.3 %
Accuracy class 5 = 70.2 %
Accuracy class 6 = 86.0 %
Accuracy class 7 = 73.9 %
Accuracy class 8 = 89.7 %
Accuracy class 9 = 89.6 %
epoch: 20, train loss: 0.4375721161556244, val_acc: 0.8261, val_loss: 0.5060314865112304
{'name': 'activation_late_0.01', 'noise_type': 'activation', 'group': 'late', 'value': 0.01, 'activation_sigma1': 0.0, 'activation_sigma2': 0.01, 'activation_sigma3': 0.0, 'parameter_omega1': 0.0, 'parameter_omega2': 0.0, 'parameter_omega3': 0.0, 'clean_loss': 0.5060314865112304, 'clean_accuracy': 0.8261, 'transfer_fgsm_accuracy': 0.0643, 'transfer_pgd_accuracy': 0.0002, 'training_time_seconds': 112.71753191947937}
[10/67] Experiment: activation_classifier_0.01
epoch: 1, train loss: 1.497648450241089, val_acc: 0.5505, val_loss: 1.2527254121780396
epoch: 2, train loss: 1.111502310028076, val_acc: 0.6586, val_loss: 0.9694391576766967
epoch: 3, train loss: 0.9455888548088074, val_acc: 0.6888, val_loss: 0.9067475434303284
epoch: 4, train loss: 0.8570371525192261, val_acc: 0.6958, val_loss: 0.8789265307426453
epoch: 5, train loss: 0.7797092988777161, val_acc: 0.7379, val_loss: 0.7640443936347961
epoch: 6, train loss: 0.7214768430137635, val_acc: 0.7577, val_loss: 0.7066842846870423
epoch: 7, train loss: 0.6777690960884094, val_acc: 0.7477, val_loss: 0.7176234977722168
epoch: 8, train loss: 0.6441816699409485, val_acc: 0.7702, val_loss: 0.6917536650657654
epoch: 9, train loss: 0.6175813039016723, val_acc: 0.7752, val_loss: 0.6734389483451844
epoch: 10, train loss: 0.5958684902191163, val_acc: 0.7808, val_loss: 0.6442472792625428
epoch: 11, train loss: 0.566748534412384, val_acc: 0.7949, val_loss: 0.596307291507721
epoch: 12, train loss: 0.5481222615432739, val_acc: 0.8193, val_loss: 0.5283275696754456
epoch: 13, train loss: 0.5261056597328186, val_acc: 0.8018, val_loss: 0.582994246673584
epoch: 14, train loss: 0.5080996911811828, val_acc: 0.8032, val_loss: 0.5893646395683289
epoch: 15, train loss: 0.49404398467063904, val_acc: 0.7951, val_loss: 0.6143488094329834
epoch: 16, train loss: 0.4872285805511475, val_acc: 0.8175, val_loss: 0.5260785836219788
epoch: 17, train loss: 0.47170329894065854, val_acc: 0.8166, val_loss: 0.5340959495544434
epoch: 18, train loss: 0.450398044090271, val_acc: 0.8156, val_loss: 0.5393572443008423
epoch: 19, train loss: 0.44322591547966006, val_acc: 0.826, val_loss: 0.5109554568290711
Accuracy class 0 = 91.7 %
Accuracy class 1 = 92.9 %
Accuracy class 2 = 64.1 %
Accuracy class 3 = 68.5 %
Accuracy class 4 = 87.5 %
Accuracy class 5 = 79.9 %
Accuracy class 6 = 90.3 %
Accuracy class 7 = 80.9 %
Accuracy class 8 = 85.9 %
Accuracy class 9 = 90.7 %
epoch: 20, train loss: 0.4318101211166382, val_acc: 0.8324, val_loss: 0.5054392992019653
{'name': 'activation_classifier_0.01', 'noise_type': 'activation', 'group': 'classifier', 'value': 0.01, 'activation_sigma1': 0.0, 'activation_sigma2': 0.0, 'activation_sigma3': 0.01, 'parameter_omega1': 0.0, 'parameter_omega2': 0.0, 'parameter_omega3': 0.0, 'clean_loss': 0.5054392992019653, 'clean_accuracy': 0.8324, 'transfer_fgsm_accuracy': 0.0584, 'transfer_pgd_accuracy': 0.0005, 'training_time_seconds': 113.49436211585999}
[11/67] Experiment: activation_early_0.015
epoch: 1, train loss: 1.4975324533843994, val_acc: 0.5688, val_loss: 1.2045109106063843
epoch: 2, train loss: 1.1101172449874879, val_acc: 0.6128, val_loss: 1.120650309753418
epoch: 3, train loss: 0.9430766949272156, val_acc: 0.6526, val_loss: 1.0525779008865357
epoch: 4, train loss: 0.8596468994522095, val_acc: 0.705, val_loss: 0.837305324935913
epoch: 5, train loss: 0.7829146606063843, val_acc: 0.7474, val_loss: 0.7371837413787842
epoch: 6, train loss: 0.7232086731719971, val_acc: 0.7552, val_loss: 0.7012646224975586
epoch: 7, train loss: 0.6858809845352173, val_acc: 0.7467, val_loss: 0.7175525032043457
epoch: 8, train loss: 0.6504055308914185, val_acc: 0.7612, val_loss: 0.6957237684249878
epoch: 9, train loss: 0.6207267322921753, val_acc: 0.7893, val_loss: 0.6092907020568847
epoch: 10, train loss: 0.5993149580192566, val_acc: 0.7694, val_loss: 0.6886806900978089
epoch: 11, train loss: 0.573865388469696, val_acc: 0.8007, val_loss: 0.5836892697334289
epoch: 12, train loss: 0.5539732635116578, val_acc: 0.8091, val_loss: 0.5529447867393493
epoch: 13, train loss: 0.5326693441963196, val_acc: 0.7942, val_loss: 0.6052946910858155
epoch: 14, train loss: 0.5141893591308594, val_acc: 0.8097, val_loss: 0.5446277063369751
epoch: 15, train loss: 0.5023858937454224, val_acc: 0.804, val_loss: 0.5964382167816162
epoch: 16, train loss: 0.49056989021301267, val_acc: 0.8134, val_loss: 0.5461062553405762
epoch: 17, train loss: 0.4749283114051819, val_acc: 0.8205, val_loss: 0.522792342376709
epoch: 18, train loss: 0.4569501560783386, val_acc: 0.8015, val_loss: 0.5912813983917237
epoch: 19, train loss: 0.4490473888301849, val_acc: 0.8196, val_loss: 0.5360292869567871
Accuracy class 0 = 90.2 %
Accuracy class 1 = 96.6 %
Accuracy class 2 = 73.1 %
Accuracy class 3 = 69.6 %
Accuracy class 4 = 85.3 %
Accuracy class 5 = 79.8 %
Accuracy class 6 = 86.3 %
Accuracy class 7 = 78.6 %
Accuracy class 8 = 75.0 %
Accuracy class 9 = 83.4 %
epoch: 20, train loss: 0.4385565324497223, val_acc: 0.8179, val_loss: 0.543211856842041
{'name': 'activation_early_0.015', 'noise_type': 'activation', 'group': 'early', 'value': 0.015, 'activation_sigma1': 0.015, 'activation_sigma2': 0.0, 'activation_sigma3': 0.0, 'parameter_omega1': 0.0, 'parameter_omega2': 0.0, 'parameter_omega3': 0.0, 'clean_loss': 0.543211856842041, 'clean_accuracy': 0.8179, 'transfer_fgsm_accuracy': 0.0596, 'transfer_pgd_accuracy': 0.0006, 'training_time_seconds': 113.33435893058777}
[12/67] Experiment: activation_late_0.015
epoch: 1, train loss: 1.499106443901062, val_acc: 0.5746, val_loss: 1.1922687168121338
epoch: 2, train loss: 1.1110040541839599, val_acc: 0.6343, val_loss: 1.0465106035232543
epoch: 3, train loss: 0.9468636396980286, val_acc: 0.6625, val_loss: 0.9852957710266114
epoch: 4, train loss: 0.860728182811737, val_acc: 0.7124, val_loss: 0.8225628462791443
epoch: 5, train loss: 0.7839682090568543, val_acc: 0.735, val_loss: 0.7793317189216614
epoch: 6, train loss: 0.7239969396972656, val_acc: 0.7488, val_loss: 0.7203442268371582
epoch: 7, train loss: 0.6863927368927002, val_acc: 0.7598, val_loss: 0.6705406147956848
epoch: 8, train loss: 0.6496399629592895, val_acc: 0.7622, val_loss: 0.7124130187988281
epoch: 9, train loss: 0.6176428403663635, val_acc: 0.7712, val_loss: 0.6725222118377685
epoch: 10, train loss: 0.6022219757270812, val_acc: 0.7803, val_loss: 0.6473448575019837
epoch: 11, train loss: 0.5707457762908935, val_acc: 0.7872, val_loss: 0.6067873542785645
epoch: 12, train loss: 0.5527838970375061, val_acc: 0.8033, val_loss: 0.5755427316665649
epoch: 13, train loss: 0.5310430903720855, val_acc: 0.7935, val_loss: 0.5997544805526733
epoch: 14, train loss: 0.5105252146720887, val_acc: 0.7841, val_loss: 0.6414223083496093
epoch: 15, train loss: 0.4970105787563324, val_acc: 0.8036, val_loss: 0.5802431908607483
epoch: 16, train loss: 0.4910194170284271, val_acc: 0.8247, val_loss: 0.5185971817016601
epoch: 17, train loss: 0.47742188612937925, val_acc: 0.8209, val_loss: 0.5342558183670044
epoch: 18, train loss: 0.4538744117164612, val_acc: 0.8191, val_loss: 0.5332641452789306
epoch: 19, train loss: 0.44743402081489564, val_acc: 0.822, val_loss: 0.5235538025856018
Accuracy class 0 = 84.7 %
Accuracy class 1 = 93.4 %
Accuracy class 2 = 62.9 %
Accuracy class 3 = 73.6 %
Accuracy class 4 = 86.9 %
Accuracy class 5 = 73.4 %
Accuracy class 6 = 89.9 %
Accuracy class 7 = 82.9 %
Accuracy class 8 = 88.3 %
Accuracy class 9 = 92.1 %
epoch: 20, train loss: 0.4344157611083984, val_acc: 0.8281, val_loss: 0.5177840784072876
{'name': 'activation_late_0.015', 'noise_type': 'activation', 'group': 'late', 'value': 0.015, 'activation_sigma1': 0.0, 'activation_sigma2': 0.015, 'activation_sigma3': 0.0, 'parameter_omega1': 0.0, 'parameter_omega2': 0.0, 'parameter_omega3': 0.0, 'clean_loss': 0.5177840784072876, 'clean_accuracy': 0.8281, 'transfer_fgsm_accuracy': 0.0636, 'transfer_pgd_accuracy': 0.0003, 'training_time_seconds': 113.11189532279968}
[13/67] Experiment: activation_classifier_0.015
epoch: 1, train loss: 1.496611181716919, val_acc: 0.5714, val_loss: 1.197949878692627
epoch: 2, train loss: 1.1107274686431885, val_acc: 0.6332, val_loss: 1.030819528388977
epoch: 3, train loss: 0.94318115858078, val_acc: 0.6641, val_loss: 0.9908524293899537
epoch: 4, train loss: 0.8573794601631165, val_acc: 0.6985, val_loss: 0.8452264985084533
epoch: 5, train loss: 0.7773204450416565, val_acc: 0.7305, val_loss: 0.7953145394325256
epoch: 6, train loss: 0.7205038547897339, val_acc: 0.7556, val_loss: 0.7256260532379151
epoch: 7, train loss: 0.6817426022338867, val_acc: 0.7602, val_loss: 0.6847787384986878
epoch: 8, train loss: 0.6455518427658081, val_acc: 0.7532, val_loss: 0.7612792986869812
epoch: 9, train loss: 0.6163990461349488, val_acc: 0.7767, val_loss: 0.6534172308921814
epoch: 10, train loss: 0.5990843019866944, val_acc: 0.7775, val_loss: 0.6502596770286561
epoch: 11, train loss: 0.5640798550415039, val_acc: 0.7877, val_loss: 0.6262114621162415
epoch: 12, train loss: 0.5517713283920288, val_acc: 0.8106, val_loss: 0.5587186876296997
epoch: 13, train loss: 0.5267562906646729, val_acc: 0.8015, val_loss: 0.5812404272079468
epoch: 14, train loss: 0.5084601736831665, val_acc: 0.7965, val_loss: 0.6029553325653076
epoch: 15, train loss: 0.4938650677585602, val_acc: 0.8009, val_loss: 0.59464658203125
epoch: 16, train loss: 0.48317796800613405, val_acc: 0.8218, val_loss: 0.5234928617477417
epoch: 17, train loss: 0.47174351013183596, val_acc: 0.8173, val_loss: 0.5309099093437195
epoch: 18, train loss: 0.4519306402015686, val_acc: 0.8058, val_loss: 0.5736543877601623
epoch: 19, train loss: 0.4459533222770691, val_acc: 0.8291, val_loss: 0.5042906601905823
Accuracy class 0 = 90.9 %
Accuracy class 1 = 94.3 %
Accuracy class 2 = 72.6 %
Accuracy class 3 = 71.9 %
Accuracy class 4 = 89.6 %
Accuracy class 5 = 71.6 %
Accuracy class 6 = 86.8 %
Accuracy class 7 = 82.6 %
Accuracy class 8 = 82.2 %
Accuracy class 9 = 89.9 %
epoch: 20, train loss: 0.4327444400215149, val_acc: 0.8324, val_loss: 0.5077238709449768
{'name': 'activation_classifier_0.015', 'noise_type': 'activation', 'group': 'classifier', 'value': 0.015, 'activation_sigma1': 0.0, 'activation_sigma2': 0.0, 'activation_sigma3': 0.015, 'parameter_omega1': 0.0, 'parameter_omega2': 0.0, 'parameter_omega3': 0.0, 'clean_loss': 0.5077238709449768, 'clean_accuracy': 0.8324, 'transfer_fgsm_accuracy': 0.0517, 'transfer_pgd_accuracy': 0.0002, 'training_time_seconds': 113.39700198173523}
[14/67] Experiment: activation_early_0.02
epoch: 1, train loss: 1.4978605996322631, val_acc: 0.5578, val_loss: 1.244282558441162
epoch: 2, train loss: 1.109423470840454, val_acc: 0.6427, val_loss: 1.0099373727798462
epoch: 3, train loss: 0.9430990050888062, val_acc: 0.6901, val_loss: 0.8977972771644592
epoch: 4, train loss: 0.8596036882400513, val_acc: 0.7154, val_loss: 0.8160904163360596
epoch: 5, train loss: 0.7796668133735657, val_acc: 0.7421, val_loss: 0.7458209115982055
epoch: 6, train loss: 0.7229129598808288, val_acc: 0.7559, val_loss: 0.7025446667671204
epoch: 7, train loss: 0.6811972624588013, val_acc: 0.758, val_loss: 0.6840411915779113
epoch: 8, train loss: 0.6498848722457886, val_acc: 0.7366, val_loss: 0.8155086196899414
epoch: 9, train loss: 0.6136145420455933, val_acc: 0.7632, val_loss: 0.6853914657592773
epoch: 10, train loss: 0.5962082326126099, val_acc: 0.7925, val_loss: 0.6109122249603272
epoch: 11, train loss: 0.5703626704216004, val_acc: 0.7954, val_loss: 0.5921489503860473
epoch: 12, train loss: 0.5516496997451782, val_acc: 0.8015, val_loss: 0.5762327440261841
epoch: 13, train loss: 0.530900156917572, val_acc: 0.8055, val_loss: 0.5634332149505615
epoch: 14, train loss: 0.5071678158378601, val_acc: 0.8025, val_loss: 0.5718099223136902
epoch: 15, train loss: 0.49698447830200193, val_acc: 0.8049, val_loss: 0.5859007478713989
epoch: 16, train loss: 0.48708456426620483, val_acc: 0.8109, val_loss: 0.5438824262619019
epoch: 17, train loss: 0.4736190999412537, val_acc: 0.816, val_loss: 0.5313683225631713
epoch: 18, train loss: 0.4524878087425232, val_acc: 0.8156, val_loss: 0.5489965965270996
epoch: 19, train loss: 0.45099902446746826, val_acc: 0.8252, val_loss: 0.508673219871521
Accuracy class 0 = 85.0 %
Accuracy class 1 = 93.5 %
Accuracy class 2 = 66.4 %
Accuracy class 3 = 79.4 %
Accuracy class 4 = 90.2 %
Accuracy class 5 = 64.9 %
Accuracy class 6 = 86.0 %
Accuracy class 7 = 77.1 %
Accuracy class 8 = 85.5 %
Accuracy class 9 = 92.2 %
epoch: 20, train loss: 0.43468085275650026, val_acc: 0.8202, val_loss: 0.5331215244293213
{'name': 'activation_early_0.02', 'noise_type': 'activation', 'group': 'early', 'value': 0.02, 'activation_sigma1': 0.02, 'activation_sigma2': 0.0, 'activation_sigma3': 0.0, 'parameter_omega1': 0.0, 'parameter_omega2': 0.0, 'parameter_omega3': 0.0, 'clean_loss': 0.5331215244293213, 'clean_accuracy': 0.8202, 'transfer_fgsm_accuracy': 0.0794, 'transfer_pgd_accuracy': 0.0003, 'training_time_seconds': 115.32588720321655}
[15/67] Experiment: activation_late_0.02
epoch: 1, train loss: 1.5009087133026122, val_acc: 0.5586, val_loss: 1.2228047376632691
epoch: 2, train loss: 1.1133346326446534, val_acc: 0.6319, val_loss: 1.0283644035339357
epoch: 3, train loss: 0.9478217070388794, val_acc: 0.689, val_loss: 0.9106444515228271
epoch: 4, train loss: 0.8635060789871216, val_acc: 0.6925, val_loss: 0.8713633025169373
epoch: 5, train loss: 0.7843449382781983, val_acc: 0.7366, val_loss: 0.7590155277252197
epoch: 6, train loss: 0.7285346312904358, val_acc: 0.7508, val_loss: 0.7111037994384766
epoch: 7, train loss: 0.6851353733444214, val_acc: 0.7614, val_loss: 0.6744409523963928
epoch: 8, train loss: 0.6561294493675232, val_acc: 0.7697, val_loss: 0.6809111663818359
epoch: 9, train loss: 0.6222561143875122, val_acc: 0.7804, val_loss: 0.6412210783958435
epoch: 10, train loss: 0.6032774967956543, val_acc: 0.7555, val_loss: 0.7249472671508789
epoch: 11, train loss: 0.5721870807266235, val_acc: 0.7828, val_loss: 0.6386826051712036
epoch: 12, train loss: 0.5550584848022461, val_acc: 0.806, val_loss: 0.5745695970535278
epoch: 13, train loss: 0.5319976905536652, val_acc: 0.7918, val_loss: 0.5959483591079712
epoch: 14, train loss: 0.5128060962677002, val_acc: 0.7773, val_loss: 0.6637187860488891
epoch: 15, train loss: 0.5021515079498291, val_acc: 0.8033, val_loss: 0.5765888282775878
epoch: 16, train loss: 0.4915379810142517, val_acc: 0.8129, val_loss: 0.5483451992034912
epoch: 17, train loss: 0.47698918640136717, val_acc: 0.815, val_loss: 0.5490981859207154
epoch: 18, train loss: 0.45811999109268187, val_acc: 0.8048, val_loss: 0.5751045761108399
epoch: 19, train loss: 0.44781404848098755, val_acc: 0.8233, val_loss: 0.526891745185852
Accuracy class 0 = 88.4 %
Accuracy class 1 = 92.9 %
Accuracy class 2 = 74.5 %
Accuracy class 3 = 70.4 %
Accuracy class 4 = 91.3 %
Accuracy class 5 = 66.1 %
Accuracy class 6 = 85.6 %
Accuracy class 7 = 75.1 %
Accuracy class 8 = 87.6 %
Accuracy class 9 = 87.5 %
epoch: 20, train loss: 0.43724467311859133, val_acc: 0.8194, val_loss: 0.5398551837921143
{'name': 'activation_late_0.02', 'noise_type': 'activation', 'group': 'late', 'value': 0.02, 'activation_sigma1': 0.0, 'activation_sigma2': 0.02, 'activation_sigma3': 0.0, 'parameter_omega1': 0.0, 'parameter_omega2': 0.0, 'parameter_omega3': 0.0, 'clean_loss': 0.5398551837921143, 'clean_accuracy': 0.8194, 'transfer_fgsm_accuracy': 0.0689, 'transfer_pgd_accuracy': 0.0005, 'training_time_seconds': 112.16843485832214}
[16/67] Experiment: activation_classifier_0.02
epoch: 1, train loss: 1.497443380203247, val_acc: 0.5649, val_loss: 1.2117537645339966
epoch: 2, train loss: 1.1121463127517701, val_acc: 0.6426, val_loss: 1.0122837509155274
epoch: 3, train loss: 0.9453206192398071, val_acc: 0.6582, val_loss: 1.0242513275146485
epoch: 4, train loss: 0.8595730836105346, val_acc: 0.7047, val_loss: 0.8496039029121399
epoch: 5, train loss: 0.7777822739982605, val_acc: 0.7271, val_loss: 0.8118610356330872
epoch: 6, train loss: 0.7234496181869506, val_acc: 0.7472, val_loss: 0.7274692059516906
epoch: 7, train loss: 0.6784282640647888, val_acc: 0.759, val_loss: 0.685525601196289
epoch: 8, train loss: 0.6495221892547608, val_acc: 0.7567, val_loss: 0.7467264064788819
epoch: 9, train loss: 0.6180957733154296, val_acc: 0.786, val_loss: 0.622800586605072
epoch: 10, train loss: 0.5981403628921509, val_acc: 0.7903, val_loss: 0.6188317875862122
epoch: 11, train loss: 0.5651322149658203, val_acc: 0.7903, val_loss: 0.6152682116508484
epoch: 12, train loss: 0.5471599699401856, val_acc: 0.8134, val_loss: 0.5568045868873596
epoch: 13, train loss: 0.5238168040275574, val_acc: 0.801, val_loss: 0.5853419619560242
epoch: 14, train loss: 0.5126394972896576, val_acc: 0.7947, val_loss: 0.6030877628326416
epoch: 15, train loss: 0.49368544481277465, val_acc: 0.8037, val_loss: 0.5783116520881653
epoch: 16, train loss: 0.4833137513542175, val_acc: 0.8253, val_loss: 0.5052677610397339
epoch: 17, train loss: 0.47274241752624513, val_acc: 0.8038, val_loss: 0.573001333141327
epoch: 18, train loss: 0.4514704633140564, val_acc: 0.8131, val_loss: 0.5514374942779541
epoch: 19, train loss: 0.4457196632385254, val_acc: 0.8263, val_loss: 0.5313354933738709
Accuracy class 0 = 86.3 %
Accuracy class 1 = 94.9 %
Accuracy class 2 = 72.3 %
Accuracy class 3 = 75.5 %
Accuracy class 4 = 87.7 %
Accuracy class 5 = 70.7 %
Accuracy class 6 = 90.4 %
Accuracy class 7 = 81.6 %
Accuracy class 8 = 87.2 %
Accuracy class 9 = 90.7 %
epoch: 20, train loss: 0.4334852204704285, val_acc: 0.8373, val_loss: 0.4899902714729309
{'name': 'activation_classifier_0.02', 'noise_type': 'activation', 'group': 'classifier', 'value': 0.02, 'activation_sigma1': 0.0, 'activation_sigma2': 0.0, 'activation_sigma3': 0.02, 'parameter_omega1': 0.0, 'parameter_omega2': 0.0, 'parameter_omega3': 0.0, 'clean_loss': 0.4899902714729309, 'clean_accuracy': 0.8373, 'transfer_fgsm_accuracy': 0.0538, 'transfer_pgd_accuracy': 0.0003, 'training_time_seconds': 112.94363760948181}
[17/67] Experiment: activation_early_0.03
epoch: 1, train loss: 1.4984318021774292, val_acc: 0.5514, val_loss: 1.2367776979446412
epoch: 2, train loss: 1.1143854421234132, val_acc: 0.6401, val_loss: 1.0125696588516235
epoch: 3, train loss: 0.9438233018684388, val_acc: 0.6771, val_loss: 0.9567777555465699
epoch: 4, train loss: 0.8625481910324097, val_acc: 0.7142, val_loss: 0.8089295161247253
epoch: 5, train loss: 0.7855623705673218, val_acc: 0.7413, val_loss: 0.7414187501907349
epoch: 6, train loss: 0.7222321011352539, val_acc: 0.7457, val_loss: 0.7376694337844849
epoch: 7, train loss: 0.6798623071861267, val_acc: 0.7559, val_loss: 0.6916962446212769
epoch: 8, train loss: 0.6491788878440857, val_acc: 0.7744, val_loss: 0.6686309372901916
epoch: 9, train loss: 0.619602818107605, val_acc: 0.7821, val_loss: 0.637036850643158
epoch: 10, train loss: 0.5973827510452271, val_acc: 0.7851, val_loss: 0.6360540433883667
epoch: 11, train loss: 0.5715083853054047, val_acc: 0.7976, val_loss: 0.5971253315925598
epoch: 12, train loss: 0.5520021006584167, val_acc: 0.8083, val_loss: 0.5670100447654725
epoch: 13, train loss: 0.5293683173274993, val_acc: 0.7934, val_loss: 0.6076522742271423
epoch: 14, train loss: 0.5128770466804504, val_acc: 0.8128, val_loss: 0.5509542374610901
epoch: 15, train loss: 0.4990177534484863, val_acc: 0.8078, val_loss: 0.5877933863639832
epoch: 16, train loss: 0.48488398595809934, val_acc: 0.8177, val_loss: 0.5400844826698303
epoch: 17, train loss: 0.4741750215244293, val_acc: 0.8169, val_loss: 0.5389018658638001
epoch: 18, train loss: 0.45637792793273924, val_acc: 0.8187, val_loss: 0.5365510929107666
epoch: 19, train loss: 0.4480380840206146, val_acc: 0.8212, val_loss: 0.5320316041946411
Accuracy class 0 = 87.7 %
Accuracy class 1 = 93.6 %
Accuracy class 2 = 75.6 %
Accuracy class 3 = 71.8 %
Accuracy class 4 = 88.2 %
Accuracy class 5 = 72.0 %
Accuracy class 6 = 85.8 %
Accuracy class 7 = 79.0 %
Accuracy class 8 = 87.1 %
Accuracy class 9 = 89.6 %
epoch: 20, train loss: 0.4366156019973755, val_acc: 0.8304, val_loss: 0.501810566329956
{'name': 'activation_early_0.03', 'noise_type': 'activation', 'group': 'early', 'value': 0.03, 'activation_sigma1': 0.03, 'activation_sigma2': 0.0, 'activation_sigma3': 0.0, 'parameter_omega1': 0.0, 'parameter_omega2': 0.0, 'parameter_omega3': 0.0, 'clean_loss': 0.501810566329956, 'clean_accuracy': 0.8304, 'transfer_fgsm_accuracy': 0.084, 'transfer_pgd_accuracy': 0.0007, 'training_time_seconds': 113.50694942474365}
[18/67] Experiment: activation_late_0.03
epoch: 1, train loss: 1.4995415869522095, val_acc: 0.5566, val_loss: 1.230589966583252
epoch: 2, train loss: 1.1108462920379638, val_acc: 0.6517, val_loss: 0.973547146987915
epoch: 3, train loss: 0.9400285140991211, val_acc: 0.6795, val_loss: 0.9403657258987427
epoch: 4, train loss: 0.860871778087616, val_acc: 0.7055, val_loss: 0.8431800886154175
epoch: 5, train loss: 0.7808229681777954, val_acc: 0.7323, val_loss: 0.78665249376297
epoch: 6, train loss: 0.7238726808929443, val_acc: 0.734, val_loss: 0.7741054312705994
epoch: 7, train loss: 0.6828432462310791, val_acc: 0.7617, val_loss: 0.6799430716514587
epoch: 8, train loss: 0.6540797962760926, val_acc: 0.7593, val_loss: 0.7245150772094726
epoch: 9, train loss: 0.6213502406692505, val_acc: 0.7804, val_loss: 0.6399239689826965
epoch: 10, train loss: 0.6016890498542785, val_acc: 0.7833, val_loss: 0.6210154524803162
epoch: 11, train loss: 0.5731637933921814, val_acc: 0.7973, val_loss: 0.5961382911682129
epoch: 12, train loss: 0.5559987327003479, val_acc: 0.803, val_loss: 0.5761972678184509
epoch: 13, train loss: 0.5375964766883851, val_acc: 0.8011, val_loss: 0.5845291136741638
epoch: 14, train loss: 0.5150314345932007, val_acc: 0.7998, val_loss: 0.5904308378219605
epoch: 15, train loss: 0.5008496932315827, val_acc: 0.8034, val_loss: 0.6030887648582458
epoch: 16, train loss: 0.49133944793701173, val_acc: 0.8122, val_loss: 0.54293308801651
epoch: 17, train loss: 0.475135049571991, val_acc: 0.8066, val_loss: 0.5727024367332458
epoch: 18, train loss: 0.4561264475440979, val_acc: 0.8074, val_loss: 0.5720893202781677
epoch: 19, train loss: 0.45001699847221377, val_acc: 0.8134, val_loss: 0.5707952543258668
Accuracy class 0 = 87.3 %
Accuracy class 1 = 94.6 %
Accuracy class 2 = 73.8 %
Accuracy class 3 = 73.3 %
Accuracy class 4 = 85.8 %
Accuracy class 5 = 70.6 %
Accuracy class 6 = 89.4 %
Accuracy class 7 = 84.8 %
Accuracy class 8 = 82.9 %
Accuracy class 9 = 87.5 %
epoch: 20, train loss: 0.438513768157959, val_acc: 0.83, val_loss: 0.5094472105026245
{'name': 'activation_late_0.03', 'noise_type': 'activation', 'group': 'late', 'value': 0.03, 'activation_sigma1': 0.0, 'activation_sigma2': 0.03, 'activation_sigma3': 0.0, 'parameter_omega1': 0.0, 'parameter_omega2': 0.0, 'parameter_omega3': 0.0, 'clean_loss': 0.5094472105026245, 'clean_accuracy': 0.83, 'transfer_fgsm_accuracy': 0.0752, 'transfer_pgd_accuracy': 0.0008, 'training_time_seconds': 112.770583152771}
[19/67] Experiment: activation_classifier_0.03
epoch: 1, train loss: 1.495056615524292, val_acc: 0.56, val_loss: 1.2330479150772096
epoch: 2, train loss: 1.1070596977233886, val_acc: 0.6529, val_loss: 0.9840437808990479
epoch: 3, train loss: 0.9419868029975891, val_acc: 0.6847, val_loss: 0.9183116134643554
epoch: 4, train loss: 0.8582433660507203, val_acc: 0.6921, val_loss: 0.8645451285362243
epoch: 5, train loss: 0.7768993391799927, val_acc: 0.7258, val_loss: 0.8018164360046387
epoch: 6, train loss: 0.7182719857978821, val_acc: 0.7437, val_loss: 0.7506066944122315
epoch: 7, train loss: 0.6801567407798768, val_acc: 0.7624, val_loss: 0.6714632057189941
epoch: 8, train loss: 0.6480754412269593, val_acc: 0.7625, val_loss: 0.7267533092498779
epoch: 9, train loss: 0.6147555695915222, val_acc: 0.7931, val_loss: 0.6111357698440552
epoch: 10, train loss: 0.5964972884559632, val_acc: 0.7607, val_loss: 0.7163486881256104
epoch: 11, train loss: 0.5653810644721985, val_acc: 0.7997, val_loss: 0.6029594085693359
epoch: 12, train loss: 0.546426725730896, val_acc: 0.8154, val_loss: 0.5363578533172607
epoch: 13, train loss: 0.5247792241096496, val_acc: 0.8133, val_loss: 0.5421972519397735
epoch: 14, train loss: 0.5054748107337952, val_acc: 0.8073, val_loss: 0.5668693734169006
epoch: 15, train loss: 0.4971632195186615, val_acc: 0.7989, val_loss: 0.6050231867790222
epoch: 16, train loss: 0.48759118532180784, val_acc: 0.8108, val_loss: 0.5521250690460205
epoch: 17, train loss: 0.4736528468894958, val_acc: 0.8273, val_loss: 0.5015439166069031
epoch: 18, train loss: 0.4520079284286499, val_acc: 0.8158, val_loss: 0.5471728002548217
epoch: 19, train loss: 0.44598798857688904, val_acc: 0.8262, val_loss: 0.5203245849609375
Accuracy class 0 = 90.3 %
Accuracy class 1 = 92.6 %
Accuracy class 2 = 70.4 %
Accuracy class 3 = 75.7 %
Accuracy class 4 = 90.3 %
Accuracy class 5 = 66.6 %
Accuracy class 6 = 87.0 %
Accuracy class 7 = 83.5 %
Accuracy class 8 = 89.7 %
Accuracy class 9 = 89.0 %
epoch: 20, train loss: 0.43244377714157106, val_acc: 0.8351, val_loss: 0.4953339967727661
{'name': 'activation_classifier_0.03', 'noise_type': 'activation', 'group': 'classifier', 'value': 0.03, 'activation_sigma1': 0.0, 'activation_sigma2': 0.0, 'activation_sigma3': 0.03, 'parameter_omega1': 0.0, 'parameter_omega2': 0.0, 'parameter_omega3': 0.0, 'clean_loss': 0.4953339967727661, 'clean_accuracy': 0.8351, 'transfer_fgsm_accuracy': 0.0646, 'transfer_pgd_accuracy': 0.0004, 'training_time_seconds': 113.79730582237244}
[20/67] Experiment: activation_early_0.04
epoch: 1, train loss: 1.5007915176391602, val_acc: 0.554, val_loss: 1.2464655456542968
epoch: 2, train loss: 1.1110144940185547, val_acc: 0.6358, val_loss: 1.0441604862213134
epoch: 3, train loss: 0.9460834251785278, val_acc: 0.6846, val_loss: 0.9138460631370544
epoch: 4, train loss: 0.856878080406189, val_acc: 0.7106, val_loss: 0.8283245510101318
epoch: 5, train loss: 0.7794556328964234, val_acc: 0.7406, val_loss: 0.7597538652420044
epoch: 6, train loss: 0.7223095742797851, val_acc: 0.7527, val_loss: 0.7103223530769348
epoch: 7, train loss: 0.6850715795516967, val_acc: 0.7548, val_loss: 0.6941557712554932
epoch: 8, train loss: 0.6544591875648499, val_acc: 0.7474, val_loss: 0.7395645073890686
epoch: 9, train loss: 0.6223952849960327, val_acc: 0.7807, val_loss: 0.6367012283325195
epoch: 10, train loss: 0.5994745041275025, val_acc: 0.7899, val_loss: 0.615860827255249
epoch: 11, train loss: 0.5738219233703613, val_acc: 0.7859, val_loss: 0.6247336610794068
epoch: 12, train loss: 0.556718766746521, val_acc: 0.8059, val_loss: 0.5697094776153564
epoch: 13, train loss: 0.5325894005680084, val_acc: 0.8008, val_loss: 0.5831835166931152
epoch: 14, train loss: 0.514396398525238, val_acc: 0.8038, val_loss: 0.575781713294983
epoch: 15, train loss: 0.49835584794044496, val_acc: 0.7999, val_loss: 0.605081346988678
epoch: 16, train loss: 0.4924378575706482, val_acc: 0.8109, val_loss: 0.5603315779685974
epoch: 17, train loss: 0.4783604919815064, val_acc: 0.8154, val_loss: 0.5361581119537353
epoch: 18, train loss: 0.45961935708999635, val_acc: 0.813, val_loss: 0.555852237033844
epoch: 19, train loss: 0.44686246322631834, val_acc: 0.8348, val_loss: 0.48384520502090456
Accuracy class 0 = 87.1 %
Accuracy class 1 = 95.2 %
Accuracy class 2 = 77.0 %
Accuracy class 3 = 73.8 %
Accuracy class 4 = 89.4 %
Accuracy class 5 = 67.1 %
Accuracy class 6 = 85.6 %
Accuracy class 7 = 80.1 %
Accuracy class 8 = 88.1 %
Accuracy class 9 = 87.9 %
epoch: 20, train loss: 0.4385702465629578, val_acc: 0.8313, val_loss: 0.5047677909851074
{'name': 'activation_early_0.04', 'noise_type': 'activation', 'group': 'early', 'value': 0.04, 'activation_sigma1': 0.04, 'activation_sigma2': 0.0, 'activation_sigma3': 0.0, 'parameter_omega1': 0.0, 'parameter_omega2': 0.0, 'parameter_omega3': 0.0, 'clean_loss': 0.5047677909851074, 'clean_accuracy': 0.8313, 'transfer_fgsm_accuracy': 0.0908, 'transfer_pgd_accuracy': 0.0009, 'training_time_seconds': 113.1660258769989}
[21/67] Experiment: activation_late_0.04
epoch: 1, train loss: 1.499605704727173, val_acc: 0.5609, val_loss: 1.2291089122772216
epoch: 2, train loss: 1.1110519861221313, val_acc: 0.6533, val_loss: 0.9831126602172852
epoch: 3, train loss: 0.9436475659561158, val_acc: 0.6935, val_loss: 0.9107809719085693
epoch: 4, train loss: 0.861530455493927, val_acc: 0.7113, val_loss: 0.8225912712097168
epoch: 5, train loss: 0.7835300343704223, val_acc: 0.739, val_loss: 0.7586459948539734
epoch: 6, train loss: 0.7248165507125854, val_acc: 0.7487, val_loss: 0.7290524587631225
epoch: 7, train loss: 0.6845368207931518, val_acc: 0.7606, val_loss: 0.6658619953155518
epoch: 8, train loss: 0.6520003467178345, val_acc: 0.7547, val_loss: 0.7479852118492126
epoch: 9, train loss: 0.6186901909255982, val_acc: 0.7719, val_loss: 0.6641119378089905
epoch: 10, train loss: 0.6022788032150268, val_acc: 0.7793, val_loss: 0.6476126774787903
epoch: 11, train loss: 0.5729415884017944, val_acc: 0.7947, val_loss: 0.6022739269256592
epoch: 12, train loss: 0.5552555884933472, val_acc: 0.8016, val_loss: 0.5710288033485412
epoch: 13, train loss: 0.5378095728111267, val_acc: 0.8053, val_loss: 0.5739985803604126
epoch: 14, train loss: 0.5133290604972839, val_acc: 0.7993, val_loss: 0.5939446314811706
epoch: 15, train loss: 0.5035834422969818, val_acc: 0.7832, val_loss: 0.6573662910461425
epoch: 16, train loss: 0.49038209321975706, val_acc: 0.8188, val_loss: 0.5316642305374145
epoch: 17, train loss: 0.47728649251937866, val_acc: 0.8117, val_loss: 0.54998370885849
epoch: 18, train loss: 0.4575732703018188, val_acc: 0.7874, val_loss: 0.6567616878509521
epoch: 19, train loss: 0.45389149156570435, val_acc: 0.8311, val_loss: 0.4996557131767273
Accuracy class 0 = 88.7 %
Accuracy class 1 = 94.2 %
Accuracy class 2 = 65.9 %
Accuracy class 3 = 73.9 %
Accuracy class 4 = 90.8 %
Accuracy class 5 = 71.8 %
Accuracy class 6 = 86.0 %
Accuracy class 7 = 84.1 %
Accuracy class 8 = 81.1 %
Accuracy class 9 = 88.4 %
epoch: 20, train loss: 0.43918165405273435, val_acc: 0.8249, val_loss: 0.5235773204803467
{'name': 'activation_late_0.04', 'noise_type': 'activation', 'group': 'late', 'value': 0.04, 'activation_sigma1': 0.0, 'activation_sigma2': 0.04, 'activation_sigma3': 0.0, 'parameter_omega1': 0.0, 'parameter_omega2': 0.0, 'parameter_omega3': 0.0, 'clean_loss': 0.5235773204803467, 'clean_accuracy': 0.8249, 'transfer_fgsm_accuracy': 0.0703, 'transfer_pgd_accuracy': 0.0005, 'training_time_seconds': 113.5226001739502}
[22/67] Experiment: activation_classifier_0.04
epoch: 1, train loss: 1.4994898596954345, val_acc: 0.5764, val_loss: 1.177244270324707
epoch: 2, train loss: 1.1084554343032837, val_acc: 0.6169, val_loss: 1.0806020490646362
epoch: 3, train loss: 0.9461072369575501, val_acc: 0.6682, val_loss: 0.9810735441207886
epoch: 4, train loss: 0.858726231842041, val_acc: 0.6976, val_loss: 0.8664519109725952
epoch: 5, train loss: 0.7758909037399292, val_acc: 0.7238, val_loss: 0.80932466173172
epoch: 6, train loss: 0.7209349491691589, val_acc: 0.7433, val_loss: 0.7398631711006165
epoch: 7, train loss: 0.6815059908676148, val_acc: 0.756, val_loss: 0.7027383234977722
epoch: 8, train loss: 0.648160357246399, val_acc: 0.753, val_loss: 0.7322915574073792
epoch: 9, train loss: 0.6161905228233338, val_acc: 0.7717, val_loss: 0.6679358032226562
epoch: 10, train loss: 0.596176738166809, val_acc: 0.771, val_loss: 0.6797244590759277
epoch: 11, train loss: 0.5686159383773803, val_acc: 0.7859, val_loss: 0.6258904628753662
epoch: 12, train loss: 0.550102024230957, val_acc: 0.8022, val_loss: 0.5770447991371155
epoch: 13, train loss: 0.5278777866363525, val_acc: 0.8072, val_loss: 0.5664416375160217
epoch: 14, train loss: 0.508287099533081, val_acc: 0.7976, val_loss: 0.5924357856750488
epoch: 15, train loss: 0.4969756524658203, val_acc: 0.8063, val_loss: 0.5550295259475708
epoch: 16, train loss: 0.48906924834251403, val_acc: 0.8112, val_loss: 0.5549175413131714
epoch: 17, train loss: 0.4743200514984131, val_acc: 0.8219, val_loss: 0.5180348498344421
epoch: 18, train loss: 0.4513029087638855, val_acc: 0.8175, val_loss: 0.5370106238365173
epoch: 19, train loss: 0.44483416320800784, val_acc: 0.8298, val_loss: 0.5082343291282654
Accuracy class 0 = 90.0 %
Accuracy class 1 = 94.4 %
Accuracy class 2 = 66.9 %
Accuracy class 3 = 74.0 %
Accuracy class 4 = 88.4 %
Accuracy class 5 = 74.2 %
Accuracy class 6 = 87.7 %
Accuracy class 7 = 79.6 %
Accuracy class 8 = 85.8 %
Accuracy class 9 = 88.6 %
epoch: 20, train loss: 0.4331475249290466, val_acc: 0.8296, val_loss: 0.507958142375946
{'name': 'activation_classifier_0.04', 'noise_type': 'activation', 'group': 'classifier', 'value': 0.04, 'activation_sigma1': 0.0, 'activation_sigma2': 0.0, 'activation_sigma3': 0.04, 'parameter_omega1': 0.0, 'parameter_omega2': 0.0, 'parameter_omega3': 0.0, 'clean_loss': 0.507958142375946, 'clean_accuracy': 0.8296, 'transfer_fgsm_accuracy': 0.0539, 'transfer_pgd_accuracy': 0.0001, 'training_time_seconds': 113.95444130897522}
[23/67] Experiment: activation_early_0.05
epoch: 1, train loss: 1.5024095820999146, val_acc: 0.5306, val_loss: 1.29999249420166
epoch: 2, train loss: 1.114723039894104, val_acc: 0.643, val_loss: 1.0121352382659912
epoch: 3, train loss: 0.9444698828315735, val_acc: 0.6829, val_loss: 0.9317694808959961
epoch: 4, train loss: 0.8573830602836608, val_acc: 0.6858, val_loss: 0.8982060938835144
epoch: 5, train loss: 0.7815612915420532, val_acc: 0.7411, val_loss: 0.757973498058319
epoch: 6, train loss: 0.7234606768417359, val_acc: 0.766, val_loss: 0.6710166761398315
epoch: 7, train loss: 0.6867588985824585, val_acc: 0.7448, val_loss: 0.7305111048698425
epoch: 8, train loss: 0.6472890931510925, val_acc: 0.7691, val_loss: 0.6679729528427124
epoch: 9, train loss: 0.6166357146644592, val_acc: 0.7711, val_loss: 0.660289829826355
epoch: 10, train loss: 0.5970745858764649, val_acc: 0.7558, val_loss: 0.7253270238876343
epoch: 11, train loss: 0.5726281204795838, val_acc: 0.7997, val_loss: 0.5846936953544617
epoch: 12, train loss: 0.553255713481903, val_acc: 0.8148, val_loss: 0.550587309551239
epoch: 13, train loss: 0.5347706648540497, val_acc: 0.7923, val_loss: 0.6059514804840088
epoch: 14, train loss: 0.5122677532196045, val_acc: 0.81, val_loss: 0.5609215914726258
epoch: 15, train loss: 0.4977107640743256, val_acc: 0.8043, val_loss: 0.5775165678977966
epoch: 16, train loss: 0.4911190344905853, val_acc: 0.8139, val_loss: 0.5461074653625488
epoch: 17, train loss: 0.4742260364437103, val_acc: 0.8018, val_loss: 0.5796974152565002
epoch: 18, train loss: 0.4541499815940857, val_acc: 0.7967, val_loss: 0.6042508111953735
epoch: 19, train loss: 0.4467703093147278, val_acc: 0.8219, val_loss: 0.5290650053977967
Accuracy class 0 = 88.2 %
Accuracy class 1 = 93.0 %
Accuracy class 2 = 68.9 %
Accuracy class 3 = 74.2 %
Accuracy class 4 = 86.7 %
Accuracy class 5 = 72.6 %
Accuracy class 6 = 79.3 %
Accuracy class 7 = 83.2 %
Accuracy class 8 = 85.5 %
Accuracy class 9 = 92.7 %
epoch: 20, train loss: 0.43598173219680786, val_acc: 0.8243, val_loss: 0.531783906364441
{'name': 'activation_early_0.05', 'noise_type': 'activation', 'group': 'early', 'value': 0.05, 'activation_sigma1': 0.05, 'activation_sigma2': 0.0, 'activation_sigma3': 0.0, 'parameter_omega1': 0.0, 'parameter_omega2': 0.0, 'parameter_omega3': 0.0, 'clean_loss': 0.531783906364441, 'clean_accuracy': 0.8243, 'transfer_fgsm_accuracy': 0.0892, 'transfer_pgd_accuracy': 0.0012, 'training_time_seconds': 113.4707350730896}
[24/67] Experiment: activation_late_0.05
epoch: 1, train loss: 1.5023429985427856, val_acc: 0.5692, val_loss: 1.2013541915893555
epoch: 2, train loss: 1.1092359464263917, val_acc: 0.6498, val_loss: 0.9871698341369629
epoch: 3, train loss: 0.9428521853256225, val_acc: 0.6775, val_loss: 0.9437100891113281
epoch: 4, train loss: 0.860252398967743, val_acc: 0.7171, val_loss: 0.8079893626213074
epoch: 5, train loss: 0.7798649906349182, val_acc: 0.7335, val_loss: 0.7602164095878601
epoch: 6, train loss: 0.7243188900566101, val_acc: 0.7446, val_loss: 0.7497951544761657
epoch: 7, train loss: 0.6852123336601257, val_acc: 0.7495, val_loss: 0.7056525349617004
epoch: 8, train loss: 0.6527520853042602, val_acc: 0.7433, val_loss: 0.7713510201454162
epoch: 9, train loss: 0.6220240895271302, val_acc: 0.7636, val_loss: 0.6830738492965698
epoch: 10, train loss: 0.6001439519119263, val_acc: 0.7661, val_loss: 0.6874903196334838
epoch: 11, train loss: 0.571566109085083, val_acc: 0.7883, val_loss: 0.6238634738922119
epoch: 12, train loss: 0.5537158282661439, val_acc: 0.8076, val_loss: 0.5580478240966796
epoch: 13, train loss: 0.5345374075317383, val_acc: 0.8079, val_loss: 0.5634178286552429
epoch: 14, train loss: 0.5150786951065064, val_acc: 0.8049, val_loss: 0.5843993788719177
epoch: 15, train loss: 0.5021307911491394, val_acc: 0.8066, val_loss: 0.5735215656280518
epoch: 16, train loss: 0.49210932863235474, val_acc: 0.8127, val_loss: 0.5510057549476624
epoch: 17, train loss: 0.47670562198638916, val_acc: 0.8157, val_loss: 0.5453455993652344
epoch: 18, train loss: 0.45775940128326414, val_acc: 0.8146, val_loss: 0.5534557248115539
epoch: 19, train loss: 0.4495682909965515, val_acc: 0.8111, val_loss: 0.5677802775382995
Accuracy class 0 = 88.6 %
Accuracy class 1 = 94.3 %
Accuracy class 2 = 68.0 %
Accuracy class 3 = 73.4 %
Accuracy class 4 = 92.9 %
Accuracy class 5 = 68.7 %
Accuracy class 6 = 85.4 %
Accuracy class 7 = 82.5 %
Accuracy class 8 = 87.6 %
Accuracy class 9 = 89.4 %
epoch: 20, train loss: 0.43724986183166503, val_acc: 0.8308, val_loss: 0.5223228551864624
{'name': 'activation_late_0.05', 'noise_type': 'activation', 'group': 'late', 'value': 0.05, 'activation_sigma1': 0.0, 'activation_sigma2': 0.05, 'activation_sigma3': 0.0, 'parameter_omega1': 0.0, 'parameter_omega2': 0.0, 'parameter_omega3': 0.0, 'clean_loss': 0.5223228551864624, 'clean_accuracy': 0.8308, 'transfer_fgsm_accuracy': 0.0608, 'transfer_pgd_accuracy': 0.0001, 'training_time_seconds': 113.3087592124939}
[25/67] Experiment: activation_classifier_0.05
epoch: 1, train loss: 1.5000911365890504, val_acc: 0.5773, val_loss: 1.182296155166626
epoch: 2, train loss: 1.1093934142303468, val_acc: 0.6167, val_loss: 1.1021512271881104
epoch: 3, train loss: 0.9440647230911254, val_acc: 0.6572, val_loss: 1.0133843954086303
epoch: 4, train loss: 0.8572706288146973, val_acc: 0.6919, val_loss: 0.8816806822776795
epoch: 5, train loss: 0.7785973640251159, val_acc: 0.7211, val_loss: 0.8216296931266784
epoch: 6, train loss: 0.7244726203918457, val_acc: 0.7482, val_loss: 0.7272368000984192
epoch: 7, train loss: 0.6784537591552734, val_acc: 0.7354, val_loss: 0.74593302526474
epoch: 8, train loss: 0.6471883777999878, val_acc: 0.7472, val_loss: 0.7704108192443848
epoch: 9, train loss: 0.6157318889427185, val_acc: 0.7843, val_loss: 0.6218648774147034
epoch: 10, train loss: 0.5950554117965698, val_acc: 0.7842, val_loss: 0.6349825284957886
epoch: 11, train loss: 0.5682037104225158, val_acc: 0.7893, val_loss: 0.6149507905960083
epoch: 12, train loss: 0.5493998991012573, val_acc: 0.8105, val_loss: 0.5536538443565369
epoch: 13, train loss: 0.5302900540924073, val_acc: 0.7994, val_loss: 0.5861828946113586
epoch: 14, train loss: 0.5131772103118897, val_acc: 0.7901, val_loss: 0.6277045577049255
epoch: 15, train loss: 0.4961441499519348, val_acc: 0.7964, val_loss: 0.5991323336601257
epoch: 16, train loss: 0.49020543694496155, val_acc: 0.815, val_loss: 0.5413683756828308
epoch: 17, train loss: 0.4729988793563843, val_acc: 0.8175, val_loss: 0.5425964839935302
epoch: 18, train loss: 0.45384505296707156, val_acc: 0.7945, val_loss: 0.6236199943542481
epoch: 19, train loss: 0.44849804498672485, val_acc: 0.8155, val_loss: 0.5545626472473144
Accuracy class 0 = 86.5 %
Accuracy class 1 = 94.4 %
Accuracy class 2 = 72.1 %
Accuracy class 3 = 72.4 %
Accuracy class 4 = 89.6 %
Accuracy class 5 = 68.9 %
Accuracy class 6 = 84.0 %
Accuracy class 7 = 81.4 %
Accuracy class 8 = 84.1 %
Accuracy class 9 = 88.6 %
epoch: 20, train loss: 0.43598634298324584, val_acc: 0.822, val_loss: 0.5186364035606384
{'name': 'activation_classifier_0.05', 'noise_type': 'activation', 'group': 'classifier', 'value': 0.05, 'activation_sigma1': 0.0, 'activation_sigma2': 0.0, 'activation_sigma3': 0.05, 'parameter_omega1': 0.0, 'parameter_omega2': 0.0, 'parameter_omega3': 0.0, 'clean_loss': 0.5186364035606384, 'clean_accuracy': 0.822, 'transfer_fgsm_accuracy': 0.0491, 'transfer_pgd_accuracy': 0.0001, 'training_time_seconds': 113.4077455997467}
[26/67] Experiment: activation_early_0.07
epoch: 1, train loss: 1.5040528072738648, val_acc: 0.5324, val_loss: 1.3026332918167114
epoch: 2, train loss: 1.1170784233093263, val_acc: 0.6293, val_loss: 1.0626612899780274
epoch: 3, train loss: 0.9455284858894348, val_acc: 0.6765, val_loss: 0.971442086982727
epoch: 4, train loss: 0.8616736956596375, val_acc: 0.7054, val_loss: 0.8393993144035339
epoch: 5, train loss: 0.787703097038269, val_acc: 0.733, val_loss: 0.7799012418746948
epoch: 6, train loss: 0.7225695760536194, val_acc: 0.7613, val_loss: 0.6870222176551819
epoch: 7, train loss: 0.6814008510398865, val_acc: 0.7476, val_loss: 0.7230510829925537
epoch: 8, train loss: 0.6501363748550415, val_acc: 0.7529, val_loss: 0.7609443194389344
epoch: 9, train loss: 0.6172760234069824, val_acc: 0.7824, val_loss: 0.6212137173652649
epoch: 10, train loss: 0.5985779175186158, val_acc: 0.7678, val_loss: 0.6969027714729309
epoch: 11, train loss: 0.576427803440094, val_acc: 0.7986, val_loss: 0.593200410747528
epoch: 12, train loss: 0.552962813911438, val_acc: 0.8013, val_loss: 0.5881931665420532
epoch: 13, train loss: 0.5336441607570648, val_acc: 0.7827, val_loss: 0.6402370078086853
epoch: 14, train loss: 0.5142477383613586, val_acc: 0.8117, val_loss: 0.5527024498939515
epoch: 15, train loss: 0.4998616551208496, val_acc: 0.81, val_loss: 0.5622286570549011
epoch: 16, train loss: 0.4931840942192078, val_acc: 0.8078, val_loss: 0.5662371500015259
epoch: 17, train loss: 0.4770821629238129, val_acc: 0.8096, val_loss: 0.5588921684265137
epoch: 18, train loss: 0.4585408626365662, val_acc: 0.811, val_loss: 0.5524811317443847
epoch: 19, train loss: 0.4506531017875671, val_acc: 0.8159, val_loss: 0.5329558555603028
Accuracy class 0 = 89.4 %
Accuracy class 1 = 95.1 %
Accuracy class 2 = 75.0 %
Accuracy class 3 = 69.9 %
Accuracy class 4 = 87.8 %
Accuracy class 5 = 74.3 %
Accuracy class 6 = 88.3 %
Accuracy class 7 = 80.1 %
Accuracy class 8 = 83.8 %
Accuracy class 9 = 88.2 %
epoch: 20, train loss: 0.4386135786628723, val_acc: 0.8319, val_loss: 0.5026034952163696
{'name': 'activation_early_0.07', 'noise_type': 'activation', 'group': 'early', 'value': 0.07, 'activation_sigma1': 0.07, 'activation_sigma2': 0.0, 'activation_sigma3': 0.0, 'parameter_omega1': 0.0, 'parameter_omega2': 0.0, 'parameter_omega3': 0.0, 'clean_loss': 0.5026034952163696, 'clean_accuracy': 0.8319, 'transfer_fgsm_accuracy': 0.0856, 'transfer_pgd_accuracy': 0.0009, 'training_time_seconds': 114.13352823257446}
[27/67] Experiment: activation_late_0.07
epoch: 1, train loss: 1.505995898361206, val_acc: 0.5677, val_loss: 1.2088134460449218
epoch: 2, train loss: 1.1137749087905884, val_acc: 0.6384, val_loss: 1.0463266695022584
epoch: 3, train loss: 0.9427135183334351, val_acc: 0.6828, val_loss: 0.9397107864379883
epoch: 4, train loss: 0.859735927772522, val_acc: 0.6977, val_loss: 0.8727563734054565
epoch: 5, train loss: 0.7824547142219543, val_acc: 0.7351, val_loss: 0.7812223006248474
epoch: 6, train loss: 0.7243486268615723, val_acc: 0.7357, val_loss: 0.7550866186141968
epoch: 7, train loss: 0.6841833274841309, val_acc: 0.7557, val_loss: 0.6885462439537048
epoch: 8, train loss: 0.6535169800376892, val_acc: 0.7561, val_loss: 0.7492885543823242
epoch: 9, train loss: 0.6212596371650696, val_acc: 0.7791, val_loss: 0.6491634734153747
epoch: 10, train loss: 0.6027552533912659, val_acc: 0.7941, val_loss: 0.6005742665290833
epoch: 11, train loss: 0.5704255007553101, val_acc: 0.7958, val_loss: 0.6009432884216308
epoch: 12, train loss: 0.553680907535553, val_acc: 0.8024, val_loss: 0.5742246127128601
epoch: 13, train loss: 0.5277843087100983, val_acc: 0.8152, val_loss: 0.5497010710716248
epoch: 14, train loss: 0.5150212764167785, val_acc: 0.8134, val_loss: 0.5580107142448425
epoch: 15, train loss: 0.5007321488380432, val_acc: 0.8013, val_loss: 0.5796520580291749
epoch: 16, train loss: 0.49035343894958494, val_acc: 0.8141, val_loss: 0.5439542835235596
epoch: 17, train loss: 0.4782013813781738, val_acc: 0.815, val_loss: 0.5412102031707764
epoch: 18, train loss: 0.4571442513656616, val_acc: 0.8005, val_loss: 0.598821427154541
epoch: 19, train loss: 0.45241009321212766, val_acc: 0.8276, val_loss: 0.5058730865001678
Accuracy class 0 = 83.6 %
Accuracy class 1 = 95.0 %
Accuracy class 2 = 75.8 %
Accuracy class 3 = 78.4 %
Accuracy class 4 = 87.5 %
Accuracy class 5 = 65.1 %
Accuracy class 6 = 84.8 %
Accuracy class 7 = 79.3 %
Accuracy class 8 = 87.6 %
Accuracy class 9 = 88.8 %
epoch: 20, train loss: 0.43775627257347105, val_acc: 0.8259, val_loss: 0.5202857053756714
{'name': 'activation_late_0.07', 'noise_type': 'activation', 'group': 'late', 'value': 0.07, 'activation_sigma1': 0.0, 'activation_sigma2': 0.07, 'activation_sigma3': 0.0, 'parameter_omega1': 0.0, 'parameter_omega2': 0.0, 'parameter_omega3': 0.0, 'clean_loss': 0.5202857053756714, 'clean_accuracy': 0.8259, 'transfer_fgsm_accuracy': 0.0694, 'transfer_pgd_accuracy': 0.0004, 'training_time_seconds': 116.67689847946167}
[28/67] Experiment: activation_classifier_0.07
epoch: 1, train loss: 1.500219771194458, val_acc: 0.5626, val_loss: 1.235595446395874
epoch: 2, train loss: 1.1135129027557373, val_acc: 0.6322, val_loss: 1.0357763330459595
epoch: 3, train loss: 0.9447640993118286, val_acc: 0.6642, val_loss: 0.9818874134063721
epoch: 4, train loss: 0.8627500984382629, val_acc: 0.6914, val_loss: 0.8847505561828614
epoch: 5, train loss: 0.7800728631973266, val_acc: 0.7282, val_loss: 0.7915696461677552
epoch: 6, train loss: 0.7243564991760254, val_acc: 0.7446, val_loss: 0.7481842592239379
epoch: 7, train loss: 0.6847127132415771, val_acc: 0.7636, val_loss: 0.6696093434333801
epoch: 8, train loss: 0.6506834299850464, val_acc: 0.7477, val_loss: 0.7686698423385621
epoch: 9, train loss: 0.6190839966773987, val_acc: 0.7747, val_loss: 0.6562891045570374
epoch: 10, train loss: 0.5970878625488282, val_acc: 0.7897, val_loss: 0.6160387919425965
epoch: 11, train loss: 0.5705581727218628, val_acc: 0.8025, val_loss: 0.5835771042823792
epoch: 12, train loss: 0.5532054906845093, val_acc: 0.8107, val_loss: 0.5571676851272583
epoch: 13, train loss: 0.531437450466156, val_acc: 0.8027, val_loss: 0.57669469165802
epoch: 14, train loss: 0.515521844997406, val_acc: 0.8016, val_loss: 0.597988016796112
epoch: 15, train loss: 0.4998380125236511, val_acc: 0.8025, val_loss: 0.5874412291526795
epoch: 16, train loss: 0.4908277293205261, val_acc: 0.8164, val_loss: 0.5340395182609559
epoch: 17, train loss: 0.4772876804924011, val_acc: 0.8125, val_loss: 0.5475113884925842
epoch: 18, train loss: 0.4573170436477661, val_acc: 0.8291, val_loss: 0.5122312445640564
epoch: 19, train loss: 0.44594281047821044, val_acc: 0.8261, val_loss: 0.5134753761291504
Accuracy class 0 = 88.2 %
Accuracy class 1 = 93.7 %
Accuracy class 2 = 71.2 %
Accuracy class 3 = 72.5 %
Accuracy class 4 = 90.3 %
Accuracy class 5 = 68.0 %
Accuracy class 6 = 87.0 %
Accuracy class 7 = 79.8 %
Accuracy class 8 = 89.5 %
Accuracy class 9 = 89.0 %
epoch: 20, train loss: 0.4387039417648315, val_acc: 0.8292, val_loss: 0.5094050729751587
{'name': 'activation_classifier_0.07', 'noise_type': 'activation', 'group': 'classifier', 'value': 0.07, 'activation_sigma1': 0.0, 'activation_sigma2': 0.0, 'activation_sigma3': 0.07, 'parameter_omega1': 0.0, 'parameter_omega2': 0.0, 'parameter_omega3': 0.0, 'clean_loss': 0.5094050729751587, 'clean_accuracy': 0.8292, 'transfer_fgsm_accuracy': 0.0623, 'transfer_pgd_accuracy': 0.0002, 'training_time_seconds': 113.32825469970703}
[29/67] Experiment: activation_early_0.1
epoch: 1, train loss: 1.5095508516693115, val_acc: 0.5451, val_loss: 1.2690298751831055
epoch: 2, train loss: 1.1210545361328126, val_acc: 0.6325, val_loss: 1.052891928100586
epoch: 3, train loss: 0.9480561316299438, val_acc: 0.6777, val_loss: 0.9295939311981202
epoch: 4, train loss: 0.8623374740219116, val_acc: 0.7192, val_loss: 0.8104415383338929
epoch: 5, train loss: 0.7800435008430481, val_acc: 0.7339, val_loss: 0.7952563686370849
epoch: 6, train loss: 0.7271743619346619, val_acc: 0.7592, val_loss: 0.6892964182853699
epoch: 7, train loss: 0.6818007252502442, val_acc: 0.7477, val_loss: 0.72209728307724
epoch: 8, train loss: 0.6528026514053344, val_acc: 0.729, val_loss: 0.8498949863433838
epoch: 9, train loss: 0.6205541058540345, val_acc: 0.7651, val_loss: 0.6919959608078003
epoch: 10, train loss: 0.5927909411239624, val_acc: 0.7775, val_loss: 0.6475891175270081
epoch: 11, train loss: 0.573616081867218, val_acc: 0.8008, val_loss: 0.5842315523147583
epoch: 12, train loss: 0.5538239410018921, val_acc: 0.8035, val_loss: 0.5806695087432862
epoch: 13, train loss: 0.5323720676326752, val_acc: 0.7944, val_loss: 0.6046747016906738
epoch: 14, train loss: 0.5135490664672852, val_acc: 0.8113, val_loss: 0.5642945424079895
epoch: 15, train loss: 0.498847117099762, val_acc: 0.7975, val_loss: 0.6234202517509461
epoch: 16, train loss: 0.4890126811027527, val_acc: 0.8085, val_loss: 0.5658721635818481
epoch: 17, train loss: 0.4764741680908203, val_acc: 0.7947, val_loss: 0.6024422921180725
epoch: 18, train loss: 0.45632441347122193, val_acc: 0.8107, val_loss: 0.5870309052467346
epoch: 19, train loss: 0.45269595911026, val_acc: 0.8138, val_loss: 0.5770602906227111
Accuracy class 0 = 89.1 %
Accuracy class 1 = 95.2 %
Accuracy class 2 = 77.1 %
Accuracy class 3 = 72.4 %
Accuracy class 4 = 84.5 %
Accuracy class 5 = 65.4 %
Accuracy class 6 = 85.4 %
Accuracy class 7 = 85.5 %
Accuracy class 8 = 82.8 %
Accuracy class 9 = 89.2 %
epoch: 20, train loss: 0.4395950126552582, val_acc: 0.8266, val_loss: 0.5163305010795594
{'name': 'activation_early_0.1', 'noise_type': 'activation', 'group': 'early', 'value': 0.1, 'activation_sigma1': 0.1, 'activation_sigma2': 0.0, 'activation_sigma3': 0.0, 'parameter_omega1': 0.0, 'parameter_omega2': 0.0, 'parameter_omega3': 0.0, 'clean_loss': 0.5163305010795594, 'clean_accuracy': 0.8266, 'transfer_fgsm_accuracy': 0.0862, 'transfer_pgd_accuracy': 0.0012, 'training_time_seconds': 113.56951236724854}
[30/67] Experiment: activation_late_0.1
epoch: 1, train loss: 1.5053043255233765, val_acc: 0.5534, val_loss: 1.2435900928497314
epoch: 2, train loss: 1.1168350528717041, val_acc: 0.643, val_loss: 1.018859338760376
epoch: 3, train loss: 0.9483465584564209, val_acc: 0.6874, val_loss: 0.916418095588684
epoch: 4, train loss: 0.8667934775924683, val_acc: 0.7081, val_loss: 0.8419464049339295
epoch: 5, train loss: 0.7887272855377198, val_acc: 0.7376, val_loss: 0.7803352771759033
epoch: 6, train loss: 0.7304689952850342, val_acc: 0.7468, val_loss: 0.7319660496711731
epoch: 7, train loss: 0.6823855839157105, val_acc: 0.7409, val_loss: 0.7367931785583496
epoch: 8, train loss: 0.6581374835014343, val_acc: 0.7659, val_loss: 0.6911743781089783
epoch: 9, train loss: 0.624344362411499, val_acc: 0.7576, val_loss: 0.7051273897171021
epoch: 10, train loss: 0.6034278148651123, val_acc: 0.789, val_loss: 0.6166594156265259
epoch: 11, train loss: 0.5734739610099793, val_acc: 0.7922, val_loss: 0.600876185798645
epoch: 12, train loss: 0.5599139904022217, val_acc: 0.8021, val_loss: 0.5822600838661194
epoch: 13, train loss: 0.5412750037956238, val_acc: 0.7916, val_loss: 0.6207880602836608
epoch: 14, train loss: 0.5192624688529969, val_acc: 0.812, val_loss: 0.5591005612373352
epoch: 15, train loss: 0.5040966201782227, val_acc: 0.7868, val_loss: 0.6420475933074952
epoch: 16, train loss: 0.49451716257095335, val_acc: 0.8142, val_loss: 0.5348336714744568
epoch: 17, train loss: 0.4772562204551697, val_acc: 0.8052, val_loss: 0.5705353303909302
epoch: 18, train loss: 0.4579370915412903, val_acc: 0.8157, val_loss: 0.5496456083297729
epoch: 19, train loss: 0.450400530872345, val_acc: 0.822, val_loss: 0.5247476689338684
Accuracy class 0 = 84.2 %
Accuracy class 1 = 90.8 %
Accuracy class 2 = 65.9 %
Accuracy class 3 = 78.4 %
Accuracy class 4 = 84.5 %
Accuracy class 5 = 74.8 %
Accuracy class 6 = 85.3 %
Accuracy class 7 = 80.1 %
Accuracy class 8 = 85.4 %
Accuracy class 9 = 89.6 %
epoch: 20, train loss: 0.43901897243499755, val_acc: 0.819, val_loss: 0.5465230134010315
{'name': 'activation_late_0.1', 'noise_type': 'activation', 'group': 'late', 'value': 0.1, 'activation_sigma1': 0.0, 'activation_sigma2': 0.1, 'activation_sigma3': 0.0, 'parameter_omega1': 0.0, 'parameter_omega2': 0.0, 'parameter_omega3': 0.0, 'clean_loss': 0.5465230134010315, 'clean_accuracy': 0.819, 'transfer_fgsm_accuracy': 0.0813, 'transfer_pgd_accuracy': 0.001, 'training_time_seconds': 113.02970385551453}
[31/67] Experiment: activation_classifier_0.1
epoch: 1, train loss: 1.4987788868331908, val_acc: 0.5817, val_loss: 1.16326767578125
epoch: 2, train loss: 1.1113290174865722, val_acc: 0.6375, val_loss: 1.0335868598937987
epoch: 3, train loss: 0.9460600384712219, val_acc: 0.6377, val_loss: 1.0947959424972533
epoch: 4, train loss: 0.859484132194519, val_acc: 0.716, val_loss: 0.8114202276229858
epoch: 5, train loss: 0.7822119453811646, val_acc: 0.7421, val_loss: 0.7544497180938721
epoch: 6, train loss: 0.7228403680229187, val_acc: 0.7453, val_loss: 0.7395766436576843
epoch: 7, train loss: 0.6802693717193603, val_acc: 0.7469, val_loss: 0.7275237939834595
epoch: 8, train loss: 0.6489544215774536, val_acc: 0.7754, val_loss: 0.6578752438545227
epoch: 9, train loss: 0.6194854294204712, val_acc: 0.7669, val_loss: 0.6645766017913818
epoch: 10, train loss: 0.6019662621116638, val_acc: 0.7795, val_loss: 0.6525357682228088
epoch: 11, train loss: 0.5710231522941589, val_acc: 0.7919, val_loss: 0.6057787037849426
epoch: 12, train loss: 0.5545961789321899, val_acc: 0.809, val_loss: 0.5603156344413758
epoch: 13, train loss: 0.5341233943939209, val_acc: 0.7888, val_loss: 0.6140374911308288
epoch: 14, train loss: 0.5152532390022277, val_acc: 0.7994, val_loss: 0.6013085203170776
epoch: 15, train loss: 0.500107026424408, val_acc: 0.8046, val_loss: 0.5913606753349304
epoch: 16, train loss: 0.4901191069793701, val_acc: 0.8138, val_loss: 0.5373985692024231
epoch: 17, train loss: 0.47661527704238893, val_acc: 0.8262, val_loss: 0.5110701585769654
epoch: 18, train loss: 0.45913849678039553, val_acc: 0.8055, val_loss: 0.5778072196960449
epoch: 19, train loss: 0.45403068457603457, val_acc: 0.8235, val_loss: 0.5112023943901062
Accuracy class 0 = 87.6 %
Accuracy class 1 = 91.0 %
Accuracy class 2 = 66.5 %
Accuracy class 3 = 74.9 %
Accuracy class 4 = 90.6 %
Accuracy class 5 = 70.6 %
Accuracy class 6 = 87.2 %
Accuracy class 7 = 76.8 %
Accuracy class 8 = 87.5 %
Accuracy class 9 = 92.2 %
epoch: 20, train loss: 0.4407116402053833, val_acc: 0.8249, val_loss: 0.5257450523376465
{'name': 'activation_classifier_0.1', 'noise_type': 'activation', 'group': 'classifier', 'value': 0.1, 'activation_sigma1': 0.0, 'activation_sigma2': 0.0, 'activation_sigma3': 0.1, 'parameter_omega1': 0.0, 'parameter_omega2': 0.0, 'parameter_omega3': 0.0, 'clean_loss': 0.5257450523376465, 'clean_accuracy': 0.8249, 'transfer_fgsm_accuracy': 0.0599, 'transfer_pgd_accuracy': 0.0002, 'training_time_seconds': 113.59424901008606}
[32/67] Experiment: activation_early_0.15
epoch: 1, train loss: 1.5158552196502686, val_acc: 0.509, val_loss: 1.3748355604171754
epoch: 2, train loss: 1.1335592391204834, val_acc: 0.6226, val_loss: 1.0561346229553223
epoch: 3, train loss: 0.9565191558647156, val_acc: 0.6701, val_loss: 0.9584690298080444
epoch: 4, train loss: 0.8696129657554627, val_acc: 0.7273, val_loss: 0.7786482155799865
epoch: 5, train loss: 0.7881038015937806, val_acc: 0.7467, val_loss: 0.7252060789108277
epoch: 6, train loss: 0.7247247530555725, val_acc: 0.7474, val_loss: 0.7322453483581542
epoch: 7, train loss: 0.6864261880111694, val_acc: 0.7388, val_loss: 0.7598372874259949
epoch: 8, train loss: 0.6533963047599792, val_acc: 0.7461, val_loss: 0.7505201496124267
epoch: 9, train loss: 0.6235032408142089, val_acc: 0.7799, val_loss: 0.6577776023864746
epoch: 10, train loss: 0.599024052696228, val_acc: 0.7806, val_loss: 0.653073738861084
epoch: 11, train loss: 0.5738833554077148, val_acc: 0.7971, val_loss: 0.6083582348823547
epoch: 12, train loss: 0.5546097845840454, val_acc: 0.7764, val_loss: 0.6695849749565125
epoch: 13, train loss: 0.5329727625465394, val_acc: 0.7707, val_loss: 0.6975685899734497
epoch: 14, train loss: 0.5155262579917907, val_acc: 0.7974, val_loss: 0.5999861296653748
epoch: 15, train loss: 0.5033063584041595, val_acc: 0.8022, val_loss: 0.6062490679740906
epoch: 16, train loss: 0.49075912717819214, val_acc: 0.8191, val_loss: 0.5508038723945617
epoch: 17, train loss: 0.47775017042160034, val_acc: 0.7868, val_loss: 0.6439271081924438
epoch: 18, train loss: 0.4621174119567871, val_acc: 0.8011, val_loss: 0.6049107985496521
epoch: 19, train loss: 0.4521433040237427, val_acc: 0.8144, val_loss: 0.5431070450782776
Accuracy class 0 = 86.6 %
Accuracy class 1 = 95.5 %
Accuracy class 2 = 74.4 %
Accuracy class 3 = 70.7 %
Accuracy class 4 = 87.4 %
Accuracy class 5 = 75.9 %
Accuracy class 6 = 84.2 %
Accuracy class 7 = 84.3 %
Accuracy class 8 = 76.8 %
Accuracy class 9 = 86.3 %
epoch: 20, train loss: 0.43642953453063965, val_acc: 0.8221, val_loss: 0.5419459799766541
{'name': 'activation_early_0.15', 'noise_type': 'activation', 'group': 'early', 'value': 0.15, 'activation_sigma1': 0.15, 'activation_sigma2': 0.0, 'activation_sigma3': 0.0, 'parameter_omega1': 0.0, 'parameter_omega2': 0.0, 'parameter_omega3': 0.0, 'clean_loss': 0.5419459799766541, 'clean_accuracy': 0.8221, 'transfer_fgsm_accuracy': 0.096, 'transfer_pgd_accuracy': 0.0033, 'training_time_seconds': 113.75314974784851}
[33/67] Experiment: activation_late_0.15
epoch: 1, train loss: 1.5123181771469116, val_acc: 0.5629, val_loss: 1.2179270561218263
epoch: 2, train loss: 1.1271121640777588, val_acc: 0.6286, val_loss: 1.0474986637115478
epoch: 3, train loss: 0.9522212025642395, val_acc: 0.6683, val_loss: 0.9949212858200073
epoch: 4, train loss: 0.8697203297805786, val_acc: 0.7162, val_loss: 0.8103169736862182
epoch: 5, train loss: 0.7892408413505554, val_acc: 0.7287, val_loss: 0.7971683091163635
epoch: 6, train loss: 0.7274244612121582, val_acc: 0.7531, val_loss: 0.7230835060119629
epoch: 7, train loss: 0.6899203511810302, val_acc: 0.7464, val_loss: 0.7309322715759278
epoch: 8, train loss: 0.6614415916442871, val_acc: 0.7647, val_loss: 0.7094661644935608
epoch: 9, train loss: 0.6221270460891724, val_acc: 0.7537, val_loss: 0.7381042819976806
epoch: 10, train loss: 0.6064972944259643, val_acc: 0.7922, val_loss: 0.6200351655006409
epoch: 11, train loss: 0.580990709285736, val_acc: 0.8016, val_loss: 0.581125945854187
epoch: 12, train loss: 0.5596311325645447, val_acc: 0.8063, val_loss: 0.5781137237548828
epoch: 13, train loss: 0.5402427979946136, val_acc: 0.8026, val_loss: 0.5784550168991088
epoch: 14, train loss: 0.5235989138889313, val_acc: 0.8002, val_loss: 0.5977241202354431
epoch: 15, train loss: 0.5078092107772827, val_acc: 0.7963, val_loss: 0.6196874581336975
epoch: 16, train loss: 0.49989876297950747, val_acc: 0.8128, val_loss: 0.5596783415794373
epoch: 17, train loss: 0.4875904807853699, val_acc: 0.8167, val_loss: 0.5308951086997986
epoch: 18, train loss: 0.4620798544883728, val_acc: 0.8156, val_loss: 0.5563704068183899
epoch: 19, train loss: 0.4588120683288574, val_acc: 0.8289, val_loss: 0.5100206974983216
Accuracy class 0 = 84.8 %
Accuracy class 1 = 90.8 %
Accuracy class 2 = 68.0 %
Accuracy class 3 = 73.8 %
Accuracy class 4 = 87.2 %
Accuracy class 5 = 68.8 %
Accuracy class 6 = 85.9 %
Accuracy class 7 = 83.2 %
Accuracy class 8 = 91.1 %
Accuracy class 9 = 92.4 %
epoch: 20, train loss: 0.450446637840271, val_acc: 0.826, val_loss: 0.5160842500686645
{'name': 'activation_late_0.15', 'noise_type': 'activation', 'group': 'late', 'value': 0.15, 'activation_sigma1': 0.0, 'activation_sigma2': 0.15, 'activation_sigma3': 0.0, 'parameter_omega1': 0.0, 'parameter_omega2': 0.0, 'parameter_omega3': 0.0, 'clean_loss': 0.5160842500686645, 'clean_accuracy': 0.826, 'transfer_fgsm_accuracy': 0.0983, 'transfer_pgd_accuracy': 0.0013, 'training_time_seconds': 113.14094853401184}
[34/67] Experiment: activation_classifier_0.15
epoch: 1, train loss: 1.500235053024292, val_acc: 0.5658, val_loss: 1.2044757946014404
epoch: 2, train loss: 1.1118518869018554, val_acc: 0.6539, val_loss: 0.9815766220092773
epoch: 3, train loss: 0.9437283770561218, val_acc: 0.6748, val_loss: 0.9606137634277344
epoch: 4, train loss: 0.8583378851509095, val_acc: 0.6916, val_loss: 0.8881489246368408
epoch: 5, train loss: 0.7793697110366822, val_acc: 0.7256, val_loss: 0.8220196561813354
epoch: 6, train loss: 0.7236867971420288, val_acc: 0.7547, val_loss: 0.7082905800819397
epoch: 7, train loss: 0.6846624743270874, val_acc: 0.7452, val_loss: 0.7272053382873536
epoch: 8, train loss: 0.653983063659668, val_acc: 0.7549, val_loss: 0.721323996257782
epoch: 9, train loss: 0.6226544373893738, val_acc: 0.7941, val_loss: 0.6036120250701904
epoch: 10, train loss: 0.60361648229599, val_acc: 0.7855, val_loss: 0.623722211933136
epoch: 11, train loss: 0.5735331413841247, val_acc: 0.7928, val_loss: 0.6142101671218873
epoch: 12, train loss: 0.5526088491821289, val_acc: 0.8194, val_loss: 0.5362187746047974
epoch: 13, train loss: 0.5327516650772095, val_acc: 0.7888, val_loss: 0.615046322441101
epoch: 14, train loss: 0.5200463166046143, val_acc: 0.8056, val_loss: 0.5723304508209228
epoch: 15, train loss: 0.5028985206604004, val_acc: 0.7949, val_loss: 0.6048768790245056
epoch: 16, train loss: 0.49503949018478394, val_acc: 0.8138, val_loss: 0.5429114280700683
epoch: 17, train loss: 0.4793762182235718, val_acc: 0.8157, val_loss: 0.5322013274192811
epoch: 18, train loss: 0.4604403347206116, val_acc: 0.8038, val_loss: 0.5702760279655457
epoch: 19, train loss: 0.4549108899688721, val_acc: 0.8207, val_loss: 0.5216729969978332
Accuracy class 0 = 88.1 %
Accuracy class 1 = 95.4 %
Accuracy class 2 = 76.0 %
Accuracy class 3 = 76.0 %
Accuracy class 4 = 86.4 %
Accuracy class 5 = 67.5 %
Accuracy class 6 = 83.7 %
Accuracy class 7 = 83.9 %
Accuracy class 8 = 84.1 %
Accuracy class 9 = 88.8 %
epoch: 20, train loss: 0.4388460348892212, val_acc: 0.8299, val_loss: 0.5026812096595764
{'name': 'activation_classifier_0.15', 'noise_type': 'activation', 'group': 'classifier', 'value': 0.15, 'activation_sigma1': 0.0, 'activation_sigma2': 0.0, 'activation_sigma3': 0.15, 'parameter_omega1': 0.0, 'parameter_omega2': 0.0, 'parameter_omega3': 0.0, 'clean_loss': 0.5026812096595764, 'clean_accuracy': 0.8299, 'transfer_fgsm_accuracy': 0.0521, 'transfer_pgd_accuracy': 0.0001, 'training_time_seconds': 113.29049396514893}
[35/67] Experiment: parameter_early_1e-05
epoch: 1, train loss: 1.4974605812835693, val_acc: 0.5712, val_loss: 1.208497832298279
epoch: 2, train loss: 1.1053662227630616, val_acc: 0.6452, val_loss: 1.0003477279663087
epoch: 3, train loss: 0.9397904966735839, val_acc: 0.681, val_loss: 0.9346960664749145
epoch: 4, train loss: 0.8537195394515992, val_acc: 0.703, val_loss: 0.8629100812911987
epoch: 5, train loss: 0.778856354560852, val_acc: 0.7363, val_loss: 0.7706886455535888
epoch: 6, train loss: 0.7208632255935669, val_acc: 0.7547, val_loss: 0.7133187364578247
epoch: 7, train loss: 0.6805959706115723, val_acc: 0.7638, val_loss: 0.673201171207428
epoch: 8, train loss: 0.643683879032135, val_acc: 0.7569, val_loss: 0.7439651117324829
epoch: 9, train loss: 0.6156361315727233, val_acc: 0.7771, val_loss: 0.6484964955329895
epoch: 10, train loss: 0.5960789026069641, val_acc: 0.7961, val_loss: 0.6007585145950317
epoch: 11, train loss: 0.5647267660522461, val_acc: 0.7924, val_loss: 0.6069044581413269
epoch: 12, train loss: 0.5475214729690552, val_acc: 0.8085, val_loss: 0.559247651386261
epoch: 13, train loss: 0.5259096133232116, val_acc: 0.8081, val_loss: 0.5612051877975464
epoch: 14, train loss: 0.5103693558883667, val_acc: 0.7945, val_loss: 0.5816535050392151
epoch: 15, train loss: 0.4944587947654724, val_acc: 0.7946, val_loss: 0.6344796525001526
epoch: 16, train loss: 0.4854111278629303, val_acc: 0.8151, val_loss: 0.5344006258964539
epoch: 17, train loss: 0.4700813817214966, val_acc: 0.8095, val_loss: 0.5635373100280762
epoch: 18, train loss: 0.4490842324829102, val_acc: 0.8193, val_loss: 0.5329746421813965
epoch: 19, train loss: 0.44500876817703244, val_acc: 0.83, val_loss: 0.4982251763343811
Accuracy class 0 = 86.5 %
Accuracy class 1 = 88.8 %
Accuracy class 2 = 72.1 %
Accuracy class 3 = 70.4 %
Accuracy class 4 = 89.8 %
Accuracy class 5 = 70.6 %
Accuracy class 6 = 89.4 %
Accuracy class 7 = 81.1 %
Accuracy class 8 = 85.6 %
Accuracy class 9 = 94.4 %
epoch: 20, train loss: 0.43294042039871217, val_acc: 0.8287, val_loss: 0.5154415047645569
{'name': 'parameter_early_1e-05', 'noise_type': 'parameter', 'group': 'early', 'value': 1e-05, 'activation_sigma1': 0.0, 'activation_sigma2': 0.0, 'activation_sigma3': 0.0, 'parameter_omega1': 1e-05, 'parameter_omega2': 0.0, 'parameter_omega3': 0.0, 'clean_loss': 0.5154415047645569, 'clean_accuracy': 0.8287, 'transfer_fgsm_accuracy': 0.0561, 'transfer_pgd_accuracy': 0.0, 'training_time_seconds': 113.64396047592163}
[36/67] Experiment: parameter_late_1e-05
epoch: 1, train loss: 1.4979044861602784, val_acc: 0.5871, val_loss: 1.1558570240020751
epoch: 2, train loss: 1.1092297046279906, val_acc: 0.6346, val_loss: 1.0441789442062377
epoch: 3, train loss: 0.9428832698059082, val_acc: 0.6823, val_loss: 0.916380498790741
epoch: 4, train loss: 0.8555321504020691, val_acc: 0.6919, val_loss: 0.8911274753570556
epoch: 5, train loss: 0.7769433693504334, val_acc: 0.7256, val_loss: 0.8040474908828735
epoch: 6, train loss: 0.7201325857925415, val_acc: 0.7361, val_loss: 0.7563490135192871
epoch: 7, train loss: 0.6797825176239014, val_acc: 0.7539, val_loss: 0.6854964302062988
epoch: 8, train loss: 0.6485704514694214, val_acc: 0.7587, val_loss: 0.7162463421821594
epoch: 9, train loss: 0.6194172827529907, val_acc: 0.7697, val_loss: 0.6711573619842529
epoch: 10, train loss: 0.5947146579742432, val_acc: 0.7863, val_loss: 0.6302074958801269
epoch: 11, train loss: 0.5679237498092652, val_acc: 0.7811, val_loss: 0.647154835319519
epoch: 12, train loss: 0.5507430704879761, val_acc: 0.8106, val_loss: 0.5494014001846313
epoch: 13, train loss: 0.5265736801338196, val_acc: 0.7999, val_loss: 0.5744531673431397
epoch: 14, train loss: 0.5085527388381959, val_acc: 0.8025, val_loss: 0.5819490200996399
epoch: 15, train loss: 0.4956299009513855, val_acc: 0.8071, val_loss: 0.5732428980827331
epoch: 16, train loss: 0.49013368953704833, val_acc: 0.8132, val_loss: 0.5421862184524536
epoch: 17, train loss: 0.4717896266078949, val_acc: 0.8137, val_loss: 0.5453166909217835
epoch: 18, train loss: 0.4549679458618164, val_acc: 0.8075, val_loss: 0.562641161441803
epoch: 19, train loss: 0.44725071588516235, val_acc: 0.8271, val_loss: 0.5067679946899414
Accuracy class 0 = 86.3 %
Accuracy class 1 = 95.5 %
Accuracy class 2 = 75.5 %
Accuracy class 3 = 68.4 %
Accuracy class 4 = 85.2 %
Accuracy class 5 = 79.3 %
Accuracy class 6 = 85.6 %
Accuracy class 7 = 80.6 %
Accuracy class 8 = 79.8 %
Accuracy class 9 = 88.0 %
epoch: 20, train loss: 0.431999665222168, val_acc: 0.8242, val_loss: 0.5134743908882141
{'name': 'parameter_late_1e-05', 'noise_type': 'parameter', 'group': 'late', 'value': 1e-05, 'activation_sigma1': 0.0, 'activation_sigma2': 0.0, 'activation_sigma3': 0.0, 'parameter_omega1': 0.0, 'parameter_omega2': 1e-05, 'parameter_omega3': 0.0, 'clean_loss': 0.5134743908882141, 'clean_accuracy': 0.8242, 'transfer_fgsm_accuracy': 0.0459, 'transfer_pgd_accuracy': 0.0003, 'training_time_seconds': 113.14867615699768}
[37/67] Experiment: parameter_classifier_1e-05
epoch: 1, train loss: 1.4982430229187012, val_acc: 0.5614, val_loss: 1.2344342178344727
epoch: 2, train loss: 1.1117766706848144, val_acc: 0.6478, val_loss: 0.9976197925567627
epoch: 3, train loss: 0.944565523071289, val_acc: 0.6934, val_loss: 0.9015617218017579
epoch: 4, train loss: 0.8584294799423218, val_acc: 0.7057, val_loss: 0.846309334564209
epoch: 5, train loss: 0.7803339198684692, val_acc: 0.7395, val_loss: 0.7614388848304748
epoch: 6, train loss: 0.7230118999290467, val_acc: 0.7537, val_loss: 0.7212417804718018
epoch: 7, train loss: 0.6824931064224243, val_acc: 0.7491, val_loss: 0.6989900245666504
epoch: 8, train loss: 0.6501426686477662, val_acc: 0.7703, val_loss: 0.6853443928718567
epoch: 9, train loss: 0.6172521597480773, val_acc: 0.781, val_loss: 0.6396903465270997
epoch: 10, train loss: 0.5957204943466187, val_acc: 0.7846, val_loss: 0.6375962799072266
epoch: 11, train loss: 0.5646165382003784, val_acc: 0.7953, val_loss: 0.6041487783432007
epoch: 12, train loss: 0.5479422147369385, val_acc: 0.8097, val_loss: 0.5568711954116822
epoch: 13, train loss: 0.5290883589267731, val_acc: 0.8044, val_loss: 0.566503851222992
epoch: 14, train loss: 0.5070524509620666, val_acc: 0.8086, val_loss: 0.5682892311096192
epoch: 15, train loss: 0.4939327286338806, val_acc: 0.7988, val_loss: 0.6016539761543274
epoch: 16, train loss: 0.4860982687473297, val_acc: 0.8112, val_loss: 0.5507201135635376
epoch: 17, train loss: 0.47106595293045045, val_acc: 0.8181, val_loss: 0.5313446330070496
epoch: 18, train loss: 0.45099194351196287, val_acc: 0.8161, val_loss: 0.5430922017097474
epoch: 19, train loss: 0.44609687715530394, val_acc: 0.8343, val_loss: 0.48312030458450317
Accuracy class 0 = 87.0 %
Accuracy class 1 = 90.4 %
Accuracy class 2 = 71.2 %
Accuracy class 3 = 72.7 %
Accuracy class 4 = 89.4 %
Accuracy class 5 = 72.9 %
Accuracy class 6 = 88.7 %
Accuracy class 7 = 78.9 %
Accuracy class 8 = 91.4 %
Accuracy class 9 = 91.7 %
epoch: 20, train loss: 0.43390018295288085, val_acc: 0.8343, val_loss: 0.4993665739059448
{'name': 'parameter_classifier_1e-05', 'noise_type': 'parameter', 'group': 'classifier', 'value': 1e-05, 'activation_sigma1': 0.0, 'activation_sigma2': 0.0, 'activation_sigma3': 0.0, 'parameter_omega1': 0.0, 'parameter_omega2': 0.0, 'parameter_omega3': 1e-05, 'clean_loss': 0.4993665739059448, 'clean_accuracy': 0.8343, 'transfer_fgsm_accuracy': 0.0722, 'transfer_pgd_accuracy': 0.0003, 'training_time_seconds': 113.6364414691925}
[38/67] Experiment: parameter_early_3e-05
epoch: 1, train loss: 1.500071672821045, val_acc: 0.5523, val_loss: 1.2460974138259888
epoch: 2, train loss: 1.115005191116333, val_acc: 0.6454, val_loss: 0.9938454271316528
epoch: 3, train loss: 0.9463332025337219, val_acc: 0.655, val_loss: 1.026347590637207
epoch: 4, train loss: 0.8581458110046387, val_acc: 0.7056, val_loss: 0.8410870363235473
epoch: 5, train loss: 0.7814859773063659, val_acc: 0.7258, val_loss: 0.8015386048316956
epoch: 6, train loss: 0.7217472302627563, val_acc: 0.7577, val_loss: 0.7045206534385681
epoch: 7, train loss: 0.6847689443778991, val_acc: 0.7605, val_loss: 0.6846154507637023
epoch: 8, train loss: 0.6518843610000611, val_acc: 0.7525, val_loss: 0.7415955384254456
epoch: 9, train loss: 0.6196985975265503, val_acc: 0.7666, val_loss: 0.6713097694396972
epoch: 10, train loss: 0.6018657867050171, val_acc: 0.7886, val_loss: 0.6227717750549316
epoch: 11, train loss: 0.5693463014125824, val_acc: 0.7936, val_loss: 0.6117784672737122
epoch: 12, train loss: 0.5507533209609985, val_acc: 0.8091, val_loss: 0.5596099324226379
epoch: 13, train loss: 0.5272778386497498, val_acc: 0.7967, val_loss: 0.5946909097671509
epoch: 14, train loss: 0.5110796773719788, val_acc: 0.8016, val_loss: 0.595964514541626
epoch: 15, train loss: 0.5010149966526032, val_acc: 0.8074, val_loss: 0.5778659091949463
epoch: 16, train loss: 0.4892008066368103, val_acc: 0.8125, val_loss: 0.5392630798339844
epoch: 17, train loss: 0.4755355238246918, val_acc: 0.816, val_loss: 0.5348889262199402
epoch: 18, train loss: 0.4540166870498657, val_acc: 0.8181, val_loss: 0.5405558778762818
epoch: 19, train loss: 0.45380978925704957, val_acc: 0.8189, val_loss: 0.551829176902771
Accuracy class 0 = 86.5 %
Accuracy class 1 = 91.8 %
Accuracy class 2 = 73.9 %
Accuracy class 3 = 70.4 %
Accuracy class 4 = 91.2 %
Accuracy class 5 = 68.9 %
Accuracy class 6 = 87.2 %
Accuracy class 7 = 81.4 %
Accuracy class 8 = 88.5 %
Accuracy class 9 = 92.0 %
epoch: 20, train loss: 0.4375999292182922, val_acc: 0.8318, val_loss: 0.5061673761367798
{'name': 'parameter_early_3e-05', 'noise_type': 'parameter', 'group': 'early', 'value': 3e-05, 'activation_sigma1': 0.0, 'activation_sigma2': 0.0, 'activation_sigma3': 0.0, 'parameter_omega1': 3e-05, 'parameter_omega2': 0.0, 'parameter_omega3': 0.0, 'clean_loss': 0.5061673761367798, 'clean_accuracy': 0.8318, 'transfer_fgsm_accuracy': 0.0533, 'transfer_pgd_accuracy': 0.0001, 'training_time_seconds': 113.27931451797485}
[39/67] Experiment: parameter_late_3e-05
epoch: 1, train loss: 1.5006451223373414, val_acc: 0.566, val_loss: 1.207803077697754
epoch: 2, train loss: 1.1102290889358521, val_acc: 0.6418, val_loss: 1.0061531162261963
epoch: 3, train loss: 0.9433575662231445, val_acc: 0.6759, val_loss: 0.9601888620376587
epoch: 4, train loss: 0.8600212291336059, val_acc: 0.7056, val_loss: 0.8481492330551147
epoch: 5, train loss: 0.7784453693008423, val_acc: 0.74, val_loss: 0.7549578931808472
epoch: 6, train loss: 0.7215781170272827, val_acc: 0.756, val_loss: 0.7089841320991516
epoch: 7, train loss: 0.6812024180984497, val_acc: 0.7544, val_loss: 0.6869064828872681
epoch: 8, train loss: 0.6513344627761841, val_acc: 0.7496, val_loss: 0.7562839672088623
epoch: 9, train loss: 0.6180581117820739, val_acc: 0.7822, val_loss: 0.6322859389305114
epoch: 10, train loss: 0.597860142993927, val_acc: 0.7868, val_loss: 0.6184426725387573
epoch: 11, train loss: 0.5685930170822143, val_acc: 0.7957, val_loss: 0.5897464680671692
epoch: 12, train loss: 0.5519627491378785, val_acc: 0.8082, val_loss: 0.5631128516197205
epoch: 13, train loss: 0.5282156802368164, val_acc: 0.8126, val_loss: 0.547477707195282
epoch: 14, train loss: 0.5117363177680969, val_acc: 0.8077, val_loss: 0.5696550628662109
epoch: 15, train loss: 0.4962466684627533, val_acc: 0.8005, val_loss: 0.6106682502746582
epoch: 16, train loss: 0.48958413908958437, val_acc: 0.8082, val_loss: 0.5623254382133483
epoch: 17, train loss: 0.47287726728439333, val_acc: 0.8119, val_loss: 0.5622808903694153
epoch: 18, train loss: 0.45363778856277465, val_acc: 0.8189, val_loss: 0.5395542665481567
epoch: 19, train loss: 0.4439636802482605, val_acc: 0.8329, val_loss: 0.49539337358474733
Accuracy class 0 = 86.3 %
Accuracy class 1 = 91.0 %
Accuracy class 2 = 69.8 %
Accuracy class 3 = 77.8 %
Accuracy class 4 = 84.5 %
Accuracy class 5 = 70.7 %
Accuracy class 6 = 80.2 %
Accuracy class 7 = 85.6 %
Accuracy class 8 = 83.7 %
Accuracy class 9 = 94.6 %
epoch: 20, train loss: 0.43306574548721316, val_acc: 0.8242, val_loss: 0.5303776279449463
{'name': 'parameter_late_3e-05', 'noise_type': 'parameter', 'group': 'late', 'value': 3e-05, 'activation_sigma1': 0.0, 'activation_sigma2': 0.0, 'activation_sigma3': 0.0, 'parameter_omega1': 0.0, 'parameter_omega2': 3e-05, 'parameter_omega3': 0.0, 'clean_loss': 0.5303776279449463, 'clean_accuracy': 0.8242, 'transfer_fgsm_accuracy': 0.053, 'transfer_pgd_accuracy': 0.0002, 'training_time_seconds': 114.38779377937317}
[40/67] Experiment: parameter_classifier_3e-05
epoch: 1, train loss: 1.502222470932007, val_acc: 0.5926, val_loss: 1.1569671865463256
epoch: 2, train loss: 1.1092848120498657, val_acc: 0.6599, val_loss: 0.9684501848220826
epoch: 3, train loss: 0.943826109790802, val_acc: 0.6829, val_loss: 0.922412380027771
epoch: 4, train loss: 0.8559341967391968, val_acc: 0.7077, val_loss: 0.8322593488693237
epoch: 5, train loss: 0.7749539239883423, val_acc: 0.739, val_loss: 0.765334900379181
epoch: 6, train loss: 0.7194540094184876, val_acc: 0.7473, val_loss: 0.7341402711868286
epoch: 7, train loss: 0.6779105110931396, val_acc: 0.7629, val_loss: 0.6787048945426941
epoch: 8, train loss: 0.6456570406150818, val_acc: 0.7458, val_loss: 0.774610532951355
epoch: 9, train loss: 0.6164402569389343, val_acc: 0.7696, val_loss: 0.6651752613067627
epoch: 10, train loss: 0.5960874885177613, val_acc: 0.7871, val_loss: 0.6234245339393616
epoch: 11, train loss: 0.5667478447341919, val_acc: 0.7958, val_loss: 0.5950830538749695
epoch: 12, train loss: 0.5456346986579895, val_acc: 0.8113, val_loss: 0.5428184853553772
epoch: 13, train loss: 0.5259234725952149, val_acc: 0.7949, val_loss: 0.59960133228302
epoch: 14, train loss: 0.5102682079696655, val_acc: 0.7817, val_loss: 0.660919204711914
epoch: 15, train loss: 0.49332566818237306, val_acc: 0.8061, val_loss: 0.5734690490722656
epoch: 16, train loss: 0.4844404062652588, val_acc: 0.8129, val_loss: 0.5392742815971374
epoch: 17, train loss: 0.4728554556274414, val_acc: 0.8232, val_loss: 0.5128760736465454
epoch: 18, train loss: 0.45131614599227904, val_acc: 0.8123, val_loss: 0.5663300231933593
epoch: 19, train loss: 0.4449780168056488, val_acc: 0.8199, val_loss: 0.5227270350456238
Accuracy class 0 = 89.4 %
Accuracy class 1 = 93.5 %
Accuracy class 2 = 76.3 %
Accuracy class 3 = 71.0 %
Accuracy class 4 = 91.1 %
Accuracy class 5 = 70.9 %
Accuracy class 6 = 85.7 %
Accuracy class 7 = 75.2 %
Accuracy class 8 = 89.0 %
Accuracy class 9 = 88.9 %
epoch: 20, train loss: 0.4333679720115662, val_acc: 0.831, val_loss: 0.5052478789329529
{'name': 'parameter_classifier_3e-05', 'noise_type': 'parameter', 'group': 'classifier', 'value': 3e-05, 'activation_sigma1': 0.0, 'activation_sigma2': 0.0, 'activation_sigma3': 0.0, 'parameter_omega1': 0.0, 'parameter_omega2': 0.0, 'parameter_omega3': 3e-05, 'clean_loss': 0.5052478789329529, 'clean_accuracy': 0.831, 'transfer_fgsm_accuracy': 0.0568, 'transfer_pgd_accuracy': 0.0003, 'training_time_seconds': 112.80038738250732}
[41/67] Experiment: parameter_early_0.0001
epoch: 1, train loss: 1.4992518188095092, val_acc: 0.565, val_loss: 1.2255950483322144
epoch: 2, train loss: 1.112045591659546, val_acc: 0.6435, val_loss: 1.0031406805038452
epoch: 3, train loss: 0.9422212768554687, val_acc: 0.6858, val_loss: 0.9230209119796753
epoch: 4, train loss: 0.8585265406799316, val_acc: 0.7153, val_loss: 0.805316627407074
epoch: 5, train loss: 0.7794911303138733, val_acc: 0.7343, val_loss: 0.7714003328323364
epoch: 6, train loss: 0.7226593118667602, val_acc: 0.7546, val_loss: 0.7016182316780091
epoch: 7, train loss: 0.6781129168701172, val_acc: 0.7527, val_loss: 0.7006795434951782
epoch: 8, train loss: 0.6483656065559387, val_acc: 0.7487, val_loss: 0.7622245901107788
epoch: 9, train loss: 0.6163389660072327, val_acc: 0.7511, val_loss: 0.7234833829879761
epoch: 10, train loss: 0.5967570244407654, val_acc: 0.7707, val_loss: 0.6791029905319214
epoch: 11, train loss: 0.5692872751998901, val_acc: 0.7988, val_loss: 0.590260416507721
epoch: 12, train loss: 0.5495969533729553, val_acc: 0.8047, val_loss: 0.5729641757011413
epoch: 13, train loss: 0.526904606628418, val_acc: 0.8074, val_loss: 0.5610950938224792
epoch: 14, train loss: 0.5109410387802124, val_acc: 0.8031, val_loss: 0.5749476404190064
epoch: 15, train loss: 0.49427529441833495, val_acc: 0.8092, val_loss: 0.5668992845535278
epoch: 16, train loss: 0.48634144680023195, val_acc: 0.8212, val_loss: 0.5261210252761841
epoch: 17, train loss: 0.4711313927078247, val_acc: 0.8263, val_loss: 0.5051932360649108
epoch: 18, train loss: 0.4518157639122009, val_acc: 0.8097, val_loss: 0.5596075093269348
epoch: 19, train loss: 0.4451859203529358, val_acc: 0.8179, val_loss: 0.5320531105995179
Accuracy class 0 = 91.2 %
Accuracy class 1 = 94.4 %
Accuracy class 2 = 71.9 %
Accuracy class 3 = 74.6 %
Accuracy class 4 = 86.4 %
Accuracy class 5 = 64.8 %
Accuracy class 6 = 81.2 %
Accuracy class 7 = 82.1 %
Accuracy class 8 = 85.5 %
Accuracy class 9 = 90.4 %
epoch: 20, train loss: 0.4330673781013489, val_acc: 0.8225, val_loss: 0.5332658577919006
{'name': 'parameter_early_0.0001', 'noise_type': 'parameter', 'group': 'early', 'value': 0.0001, 'activation_sigma1': 0.0, 'activation_sigma2': 0.0, 'activation_sigma3': 0.0, 'parameter_omega1': 0.0001, 'parameter_omega2': 0.0, 'parameter_omega3': 0.0, 'clean_loss': 0.5332658577919006, 'clean_accuracy': 0.8225, 'transfer_fgsm_accuracy': 0.0602, 'transfer_pgd_accuracy': 0.0001, 'training_time_seconds': 111.93721604347229}
[42/67] Experiment: parameter_late_0.0001
epoch: 1, train loss: 1.4966993908691406, val_acc: 0.55, val_loss: 1.2630210124969483
epoch: 2, train loss: 1.1127383429718019, val_acc: 0.6385, val_loss: 1.0210802536010741
epoch: 3, train loss: 0.9445072381591797, val_acc: 0.6509, val_loss: 1.045714694213867
epoch: 4, train loss: 0.8583199198913575, val_acc: 0.713, val_loss: 0.8178514183998108
epoch: 5, train loss: 0.776867511100769, val_acc: 0.7305, val_loss: 0.7945866850852966
epoch: 6, train loss: 0.7215622562789917, val_acc: 0.7525, val_loss: 0.717640057849884
epoch: 7, train loss: 0.68225103099823, val_acc: 0.749, val_loss: 0.7038720786094665
epoch: 8, train loss: 0.6498373441314698, val_acc: 0.7584, val_loss: 0.7067336047172547
epoch: 9, train loss: 0.6163280568313598, val_acc: 0.7891, val_loss: 0.6082881239891053
epoch: 10, train loss: 0.5963043725204468, val_acc: 0.7667, val_loss: 0.7029769457817078
epoch: 11, train loss: 0.569109130897522, val_acc: 0.7894, val_loss: 0.6218187870025634
epoch: 12, train loss: 0.5512064772033691, val_acc: 0.8122, val_loss: 0.5575452666282654
epoch: 13, train loss: 0.5290615323448181, val_acc: 0.7981, val_loss: 0.5927286354064941
epoch: 14, train loss: 0.5114848236274719, val_acc: 0.8015, val_loss: 0.5788601437568665
epoch: 15, train loss: 0.49478094812393186, val_acc: 0.8059, val_loss: 0.5673387625694275
epoch: 16, train loss: 0.4880106364440918, val_acc: 0.8166, val_loss: 0.534169379901886
epoch: 17, train loss: 0.4715382675933838, val_acc: 0.8226, val_loss: 0.5226659187316894
epoch: 18, train loss: 0.4536305191040039, val_acc: 0.8114, val_loss: 0.5648005724906922
epoch: 19, train loss: 0.44635034456253053, val_acc: 0.8214, val_loss: 0.5215766298294068
Accuracy class 0 = 90.0 %
Accuracy class 1 = 93.0 %
Accuracy class 2 = 63.2 %
Accuracy class 3 = 73.7 %
Accuracy class 4 = 88.9 %
Accuracy class 5 = 70.9 %
Accuracy class 6 = 84.3 %
Accuracy class 7 = 83.6 %
Accuracy class 8 = 90.2 %
Accuracy class 9 = 90.5 %
epoch: 20, train loss: 0.43082362899780274, val_acc: 0.8283, val_loss: 0.5105595171928405
{'name': 'parameter_late_0.0001', 'noise_type': 'parameter', 'group': 'late', 'value': 0.0001, 'activation_sigma1': 0.0, 'activation_sigma2': 0.0, 'activation_sigma3': 0.0, 'parameter_omega1': 0.0, 'parameter_omega2': 0.0001, 'parameter_omega3': 0.0, 'clean_loss': 0.5105595171928405, 'clean_accuracy': 0.8283, 'transfer_fgsm_accuracy': 0.0581, 'transfer_pgd_accuracy': 0.0001, 'training_time_seconds': 111.42224955558777}
[43/67] Experiment: parameter_classifier_0.0001
epoch: 1, train loss: 1.4996595003890991, val_acc: 0.5687, val_loss: 1.20248274269104
epoch: 2, train loss: 1.1106159147644044, val_acc: 0.6429, val_loss: 1.008699995994568
epoch: 3, train loss: 0.938288791179657, val_acc: 0.6903, val_loss: 0.8901071008682251
epoch: 4, train loss: 0.8558186960220336, val_acc: 0.7089, val_loss: 0.8322165930747986
epoch: 5, train loss: 0.7768558476638794, val_acc: 0.7238, val_loss: 0.8088403465270996
epoch: 6, train loss: 0.7190807151412963, val_acc: 0.7426, val_loss: 0.7425392467498779
epoch: 7, train loss: 0.6772527296066284, val_acc: 0.7558, val_loss: 0.6918152451515198
epoch: 8, train loss: 0.6472563151931763, val_acc: 0.7596, val_loss: 0.6948048009872436
epoch: 9, train loss: 0.6154235569381714, val_acc: 0.789, val_loss: 0.6132231165885925
epoch: 10, train loss: 0.5945896911430358, val_acc: 0.7745, val_loss: 0.6595697524070739
epoch: 11, train loss: 0.5651748617935181, val_acc: 0.7983, val_loss: 0.5934184905052186
epoch: 12, train loss: 0.5469897566223144, val_acc: 0.8106, val_loss: 0.5500814274787903
epoch: 13, train loss: 0.5277793681049346, val_acc: 0.8075, val_loss: 0.5597805026054382
epoch: 14, train loss: 0.5050151138305664, val_acc: 0.8017, val_loss: 0.5814608341217041
epoch: 15, train loss: 0.49366506284713746, val_acc: 0.8064, val_loss: 0.581592848777771
epoch: 16, train loss: 0.48328269889831543, val_acc: 0.8125, val_loss: 0.5491048134803772
epoch: 17, train loss: 0.4715913490486145, val_acc: 0.8137, val_loss: 0.5518534054756165
epoch: 18, train loss: 0.44957007595062254, val_acc: 0.802, val_loss: 0.5901070190429687
epoch: 19, train loss: 0.4449777243709564, val_acc: 0.8286, val_loss: 0.5041456287384033
Accuracy class 0 = 90.3 %
Accuracy class 1 = 91.1 %
Accuracy class 2 = 74.9 %
Accuracy class 3 = 73.1 %
Accuracy class 4 = 87.5 %
Accuracy class 5 = 63.7 %
Accuracy class 6 = 87.1 %
Accuracy class 7 = 80.2 %
Accuracy class 8 = 87.4 %
Accuracy class 9 = 91.6 %
epoch: 20, train loss: 0.43300345579147337, val_acc: 0.8269, val_loss: 0.5077315921783447
{'name': 'parameter_classifier_0.0001', 'noise_type': 'parameter', 'group': 'classifier', 'value': 0.0001, 'activation_sigma1': 0.0, 'activation_sigma2': 0.0, 'activation_sigma3': 0.0, 'parameter_omega1': 0.0, 'parameter_omega2': 0.0, 'parameter_omega3': 0.0001, 'clean_loss': 0.5077315921783447, 'clean_accuracy': 0.8269, 'transfer_fgsm_accuracy': 0.0532, 'transfer_pgd_accuracy': 0.0001, 'training_time_seconds': 110.81433010101318}
[44/67] Experiment: parameter_early_0.0002
epoch: 1, train loss: 1.5034175777435304, val_acc: 0.5747, val_loss: 1.1897033779144288
epoch: 2, train loss: 1.111584171218872, val_acc: 0.6362, val_loss: 1.030848830795288
epoch: 3, train loss: 0.939851416053772, val_acc: 0.6889, val_loss: 0.8952436275482177
epoch: 4, train loss: 0.8589314738845826, val_acc: 0.7021, val_loss: 0.8556728991508484
epoch: 5, train loss: 0.7793450805282592, val_acc: 0.7263, val_loss: 0.8100076644897461
epoch: 6, train loss: 0.7194706757545472, val_acc: 0.7508, val_loss: 0.7161483366966248
epoch: 7, train loss: 0.6760625127029419, val_acc: 0.7599, val_loss: 0.6790797236442566
epoch: 8, train loss: 0.6467539787483215, val_acc: 0.7505, val_loss: 0.7264122203826904
epoch: 9, train loss: 0.6164988221359253, val_acc: 0.7727, val_loss: 0.6616456023216247
epoch: 10, train loss: 0.597823248386383, val_acc: 0.7793, val_loss: 0.6576796937942505
epoch: 11, train loss: 0.56693670129776, val_acc: 0.7969, val_loss: 0.6009844879150391
epoch: 12, train loss: 0.5497295735740662, val_acc: 0.8145, val_loss: 0.5392332013130188
epoch: 13, train loss: 0.5278787326812744, val_acc: 0.8046, val_loss: 0.5655689945220947
epoch: 14, train loss: 0.5118482881164551, val_acc: 0.8032, val_loss: 0.5723882164001465
epoch: 15, train loss: 0.4939340849304199, val_acc: 0.8053, val_loss: 0.5794636838912964
epoch: 16, train loss: 0.4853802145767212, val_acc: 0.8127, val_loss: 0.5342608011245727
epoch: 17, train loss: 0.4742553585910797, val_acc: 0.8196, val_loss: 0.5285107120513916
epoch: 18, train loss: 0.45308670543670654, val_acc: 0.8111, val_loss: 0.5664764563560486
epoch: 19, train loss: 0.4450353024291992, val_acc: 0.8199, val_loss: 0.5214853478431701
Accuracy class 0 = 87.6 %
Accuracy class 1 = 92.5 %
Accuracy class 2 = 70.6 %
Accuracy class 3 = 71.9 %
Accuracy class 4 = 87.1 %
Accuracy class 5 = 75.4 %
Accuracy class 6 = 88.6 %
Accuracy class 7 = 80.7 %
Accuracy class 8 = 89.8 %
Accuracy class 9 = 92.1 %
epoch: 20, train loss: 0.43489638345718384, val_acc: 0.8363, val_loss: 0.4884326216697693
{'name': 'parameter_early_0.0002', 'noise_type': 'parameter', 'group': 'early', 'value': 0.0002, 'activation_sigma1': 0.0, 'activation_sigma2': 0.0, 'activation_sigma3': 0.0, 'parameter_omega1': 0.0002, 'parameter_omega2': 0.0, 'parameter_omega3': 0.0, 'clean_loss': 0.4884326216697693, 'clean_accuracy': 0.8363, 'transfer_fgsm_accuracy': 0.0624, 'transfer_pgd_accuracy': 0.0001, 'training_time_seconds': 111.68213057518005}
[45/67] Experiment: parameter_late_0.0002
epoch: 1, train loss: 1.4972332722854613, val_acc: 0.5527, val_loss: 1.2409646635055542
epoch: 2, train loss: 1.110848078918457, val_acc: 0.6558, val_loss: 0.9676848119735718
epoch: 3, train loss: 0.9402595682907104, val_acc: 0.676, val_loss: 0.9567866195678711
epoch: 4, train loss: 0.8549374898147583, val_acc: 0.7006, val_loss: 0.8601758253097535
epoch: 5, train loss: 0.7751736352157593, val_acc: 0.7254, val_loss: 0.8097822364807129
epoch: 6, train loss: 0.7170308135414124, val_acc: 0.7414, val_loss: 0.7467850251197815
epoch: 7, train loss: 0.6784443762207031, val_acc: 0.7524, val_loss: 0.7046987243652344
epoch: 8, train loss: 0.6488167360305787, val_acc: 0.7597, val_loss: 0.7174855200767517
epoch: 9, train loss: 0.6168568913078308, val_acc: 0.7658, val_loss: 0.6751732080459595
epoch: 10, train loss: 0.5976355610847474, val_acc: 0.793, val_loss: 0.6148425221443177
epoch: 11, train loss: 0.5687181870079041, val_acc: 0.7908, val_loss: 0.6296988746643066
epoch: 12, train loss: 0.5514783780670166, val_acc: 0.8085, val_loss: 0.557620425605774
epoch: 13, train loss: 0.5299366584682464, val_acc: 0.7989, val_loss: 0.5889855616569519
epoch: 14, train loss: 0.5113611048126221, val_acc: 0.8032, val_loss: 0.5748454673767089
epoch: 15, train loss: 0.4947695199203491, val_acc: 0.8096, val_loss: 0.5749583957672119
epoch: 16, train loss: 0.48910678894996645, val_acc: 0.8228, val_loss: 0.5138149105072022
epoch: 17, train loss: 0.4720079112815857, val_acc: 0.8226, val_loss: 0.5284341424942016
epoch: 18, train loss: 0.45279974241256715, val_acc: 0.8061, val_loss: 0.5742433598518372
epoch: 19, train loss: 0.44648323258399963, val_acc: 0.8353, val_loss: 0.4918493977546692
Accuracy class 0 = 85.7 %
Accuracy class 1 = 92.9 %
Accuracy class 2 = 69.0 %
Accuracy class 3 = 74.6 %
Accuracy class 4 = 86.4 %
Accuracy class 5 = 74.0 %
Accuracy class 6 = 88.9 %
Accuracy class 7 = 76.7 %
Accuracy class 8 = 89.6 %
Accuracy class 9 = 91.2 %
epoch: 20, train loss: 0.4326660337638855, val_acc: 0.829, val_loss: 0.5062317747116089
{'name': 'parameter_late_0.0002', 'noise_type': 'parameter', 'group': 'late', 'value': 0.0002, 'activation_sigma1': 0.0, 'activation_sigma2': 0.0, 'activation_sigma3': 0.0, 'parameter_omega1': 0.0, 'parameter_omega2': 0.0002, 'parameter_omega3': 0.0, 'clean_loss': 0.5062317747116089, 'clean_accuracy': 0.829, 'transfer_fgsm_accuracy': 0.066, 'transfer_pgd_accuracy': 0.0002, 'training_time_seconds': 111.77899670600891}
[46/67] Experiment: parameter_classifier_0.0002
epoch: 1, train loss: 1.50210135887146, val_acc: 0.5761, val_loss: 1.1956456033706666
epoch: 2, train loss: 1.1117473728179932, val_acc: 0.6318, val_loss: 1.0521003383636474
epoch: 3, train loss: 0.9436280899429321, val_acc: 0.6383, val_loss: 1.0809800003051757
epoch: 4, train loss: 0.8587052331924439, val_acc: 0.6892, val_loss: 0.8820847316741943
epoch: 5, train loss: 0.7793749304580688, val_acc: 0.7436, val_loss: 0.745461146736145
epoch: 6, train loss: 0.7207414769363404, val_acc: 0.7561, val_loss: 0.7111354557037354
epoch: 7, train loss: 0.6771172951889038, val_acc: 0.7574, val_loss: 0.6920056026458741
epoch: 8, train loss: 0.6478635202026367, val_acc: 0.7615, val_loss: 0.7063892556190491
epoch: 9, train loss: 0.615401071357727, val_acc: 0.7572, val_loss: 0.7258876996994018
epoch: 10, train loss: 0.5950732071876526, val_acc: 0.7914, val_loss: 0.5943524436950683
epoch: 11, train loss: 0.5674828156661987, val_acc: 0.7912, val_loss: 0.6154359893798829
epoch: 12, train loss: 0.5468508288764954, val_acc: 0.8067, val_loss: 0.5596823352813721
epoch: 13, train loss: 0.5268364203643798, val_acc: 0.8046, val_loss: 0.5702717797279357
epoch: 14, train loss: 0.5085917509651184, val_acc: 0.7944, val_loss: 0.6009603094100953
epoch: 15, train loss: 0.4969049343490601, val_acc: 0.799, val_loss: 0.5999092413902283
epoch: 16, train loss: 0.4866408134841919, val_acc: 0.8141, val_loss: 0.5340597499847413
epoch: 17, train loss: 0.472888796081543, val_acc: 0.8242, val_loss: 0.5206555912971497
epoch: 18, train loss: 0.45261247108459474, val_acc: 0.8194, val_loss: 0.5302503540039063
epoch: 19, train loss: 0.44705705404281615, val_acc: 0.8328, val_loss: 0.5055420347213745
Accuracy class 0 = 88.8 %
Accuracy class 1 = 93.6 %
Accuracy class 2 = 72.2 %
Accuracy class 3 = 74.0 %
Accuracy class 4 = 88.5 %
Accuracy class 5 = 71.0 %
Accuracy class 6 = 83.0 %
Accuracy class 7 = 78.1 %
Accuracy class 8 = 90.3 %
Accuracy class 9 = 90.4 %
epoch: 20, train loss: 0.43381963912963867, val_acc: 0.8299, val_loss: 0.5106867853164673
{'name': 'parameter_classifier_0.0002', 'noise_type': 'parameter', 'group': 'classifier', 'value': 0.0002, 'activation_sigma1': 0.0, 'activation_sigma2': 0.0, 'activation_sigma3': 0.0, 'parameter_omega1': 0.0, 'parameter_omega2': 0.0, 'parameter_omega3': 0.0002, 'clean_loss': 0.5106867853164673, 'clean_accuracy': 0.8299, 'transfer_fgsm_accuracy': 0.0616, 'transfer_pgd_accuracy': 0.0002, 'training_time_seconds': 111.31583952903748}
[47/67] Experiment: parameter_early_0.0003
epoch: 1, train loss: 1.4979773118591309, val_acc: 0.5762, val_loss: 1.1832377891540526
epoch: 2, train loss: 1.110187995262146, val_acc: 0.6451, val_loss: 0.9997850288391114
epoch: 3, train loss: 0.9410458799743653, val_acc: 0.6614, val_loss: 1.0048483320236206
epoch: 4, train loss: 0.8546960142517089, val_acc: 0.691, val_loss: 0.8957583409309388
epoch: 5, train loss: 0.7773978564071655, val_acc: 0.751, val_loss: 0.7309198449134827
epoch: 6, train loss: 0.7190712460708618, val_acc: 0.7457, val_loss: 0.736812633895874
epoch: 7, train loss: 0.6771329549598694, val_acc: 0.7432, val_loss: 0.7338456037521363
epoch: 8, train loss: 0.6484796171188354, val_acc: 0.759, val_loss: 0.7254812812805176
epoch: 9, train loss: 0.6177298196792602, val_acc: 0.7844, val_loss: 0.6305561853408813
epoch: 10, train loss: 0.5934172882080078, val_acc: 0.7843, val_loss: 0.6466119390487671
epoch: 11, train loss: 0.5650983514785767, val_acc: 0.7981, val_loss: 0.5778428483963013
epoch: 12, train loss: 0.5511060041427612, val_acc: 0.8024, val_loss: 0.5744136217117309
epoch: 13, train loss: 0.5281174461555481, val_acc: 0.8026, val_loss: 0.5754568199157715
epoch: 14, train loss: 0.5047560445213318, val_acc: 0.7969, val_loss: 0.5931176962852478
epoch: 15, train loss: 0.49261538454055787, val_acc: 0.8058, val_loss: 0.5579370878219605
epoch: 16, train loss: 0.48691906456947326, val_acc: 0.816, val_loss: 0.5369183763504028
epoch: 17, train loss: 0.4694634095573425, val_acc: 0.8203, val_loss: 0.536607238483429
epoch: 18, train loss: 0.4518999372291565, val_acc: 0.8178, val_loss: 0.545863843536377
epoch: 19, train loss: 0.4464719375038147, val_acc: 0.8318, val_loss: 0.49721954498291016
Accuracy class 0 = 87.9 %
Accuracy class 1 = 93.5 %
Accuracy class 2 = 71.7 %
Accuracy class 3 = 69.0 %
Accuracy class 4 = 88.3 %
Accuracy class 5 = 76.0 %
Accuracy class 6 = 85.2 %
Accuracy class 7 = 85.6 %
Accuracy class 8 = 85.6 %
Accuracy class 9 = 89.9 %
epoch: 20, train loss: 0.43202217317581176, val_acc: 0.8327, val_loss: 0.490924104309082
{'name': 'parameter_early_0.0003', 'noise_type': 'parameter', 'group': 'early', 'value': 0.0003, 'activation_sigma1': 0.0, 'activation_sigma2': 0.0, 'activation_sigma3': 0.0, 'parameter_omega1': 0.0003, 'parameter_omega2': 0.0, 'parameter_omega3': 0.0, 'clean_loss': 0.490924104309082, 'clean_accuracy': 0.8327, 'transfer_fgsm_accuracy': 0.0634, 'transfer_pgd_accuracy': 0.0002, 'training_time_seconds': 110.96277618408203}
[48/67] Experiment: parameter_late_0.0003
epoch: 1, train loss: 1.500212463760376, val_acc: 0.5879, val_loss: 1.1533849906921387
epoch: 2, train loss: 1.106456334915161, val_acc: 0.649, val_loss: 0.9880063367843628
epoch: 3, train loss: 0.938646039390564, val_acc: 0.6596, val_loss: 1.0062593879699706
epoch: 4, train loss: 0.8562012390136718, val_acc: 0.6967, val_loss: 0.8739339870452881
epoch: 5, train loss: 0.7768370495605469, val_acc: 0.7282, val_loss: 0.8014619781494141
epoch: 6, train loss: 0.7185268731689453, val_acc: 0.7488, val_loss: 0.7194975726127625
epoch: 7, train loss: 0.6799752429962158, val_acc: 0.7401, val_loss: 0.7271518186569214
epoch: 8, train loss: 0.6471996332359314, val_acc: 0.7303, val_loss: 0.8200084047317505
epoch: 9, train loss: 0.6167698551940918, val_acc: 0.7763, val_loss: 0.6498255540847778
epoch: 10, train loss: 0.5969343152236939, val_acc: 0.782, val_loss: 0.6407834899902344
epoch: 11, train loss: 0.5661885398674011, val_acc: 0.7966, val_loss: 0.6011625272750855
epoch: 12, train loss: 0.5518339925765992, val_acc: 0.8125, val_loss: 0.5508950790405274
epoch: 13, train loss: 0.5304633985710144, val_acc: 0.7936, val_loss: 0.6110944412231445
epoch: 14, train loss: 0.5100385519790649, val_acc: 0.7992, val_loss: 0.6061207364082336
epoch: 15, train loss: 0.4954947916984558, val_acc: 0.794, val_loss: 0.6160496775627137
epoch: 16, train loss: 0.487133776550293, val_acc: 0.815, val_loss: 0.5422393394470215
epoch: 17, train loss: 0.4722774630641937, val_acc: 0.8136, val_loss: 0.5465954122543335
epoch: 18, train loss: 0.44977694826126097, val_acc: 0.8133, val_loss: 0.5579264060020447
epoch: 19, train loss: 0.4452280795383453, val_acc: 0.8322, val_loss: 0.4964154796600342
Accuracy class 0 = 86.3 %
Accuracy class 1 = 91.6 %
Accuracy class 2 = 68.5 %
Accuracy class 3 = 71.5 %
Accuracy class 4 = 88.1 %
Accuracy class 5 = 78.6 %
Accuracy class 6 = 82.6 %
Accuracy class 7 = 84.8 %
Accuracy class 8 = 87.3 %
Accuracy class 9 = 91.3 %
epoch: 20, train loss: 0.43378225856781005, val_acc: 0.8306, val_loss: 0.5002610832214356
{'name': 'parameter_late_0.0003', 'noise_type': 'parameter', 'group': 'late', 'value': 0.0003, 'activation_sigma1': 0.0, 'activation_sigma2': 0.0, 'activation_sigma3': 0.0, 'parameter_omega1': 0.0, 'parameter_omega2': 0.0003, 'parameter_omega3': 0.0, 'clean_loss': 0.5002610832214356, 'clean_accuracy': 0.8306, 'transfer_fgsm_accuracy': 0.0635, 'transfer_pgd_accuracy': 0.0005, 'training_time_seconds': 111.25105690956116}
[49/67] Experiment: parameter_classifier_0.0003
epoch: 1, train loss: 1.4993178547668458, val_acc: 0.5612, val_loss: 1.2299365104675293
epoch: 2, train loss: 1.1098059056472778, val_acc: 0.6483, val_loss: 0.9815519309997559
epoch: 3, train loss: 0.9393795860290527, val_acc: 0.6721, val_loss: 0.9831870071411133
epoch: 4, train loss: 0.8552753294372558, val_acc: 0.7091, val_loss: 0.8268646880149841
epoch: 5, train loss: 0.775967698097229, val_acc: 0.7383, val_loss: 0.7551361114501953
epoch: 6, train loss: 0.7196394210624695, val_acc: 0.7492, val_loss: 0.7150588442802429
epoch: 7, train loss: 0.6776189945602417, val_acc: 0.749, val_loss: 0.7126316378593445
epoch: 8, train loss: 0.6478436233329773, val_acc: 0.7601, val_loss: 0.7219128127098083
epoch: 9, train loss: 0.6148287002563476, val_acc: 0.7808, val_loss: 0.6255069569587708
epoch: 10, train loss: 0.5941315250968933, val_acc: 0.7866, val_loss: 0.643093401813507
epoch: 11, train loss: 0.5700519870948791, val_acc: 0.7953, val_loss: 0.595639515209198
epoch: 12, train loss: 0.5483343493652344, val_acc: 0.8006, val_loss: 0.5719829061508178
epoch: 13, train loss: 0.5279925292110443, val_acc: 0.7978, val_loss: 0.585521715927124
epoch: 14, train loss: 0.5059816210746765, val_acc: 0.8068, val_loss: 0.5673913268089295
epoch: 15, train loss: 0.4937542280960083, val_acc: 0.7945, val_loss: 0.6071806926727294
epoch: 16, train loss: 0.48665038194656374, val_acc: 0.8081, val_loss: 0.5621695404052734
epoch: 17, train loss: 0.4756947127342224, val_acc: 0.8166, val_loss: 0.545013770866394
epoch: 18, train loss: 0.45445586893081663, val_acc: 0.8118, val_loss: 0.5573925985336303
epoch: 19, train loss: 0.4504020975971222, val_acc: 0.8318, val_loss: 0.5024437877655029
Accuracy class 0 = 88.0 %
Accuracy class 1 = 92.6 %
Accuracy class 2 = 73.0 %
Accuracy class 3 = 76.9 %
Accuracy class 4 = 88.3 %
Accuracy class 5 = 71.0 %
Accuracy class 6 = 84.2 %
Accuracy class 7 = 76.3 %
Accuracy class 8 = 89.7 %
Accuracy class 9 = 90.7 %
epoch: 20, train loss: 0.43548503677368167, val_acc: 0.8307, val_loss: 0.5096729626178741
{'name': 'parameter_classifier_0.0003', 'noise_type': 'parameter', 'group': 'classifier', 'value': 0.0003, 'activation_sigma1': 0.0, 'activation_sigma2': 0.0, 'activation_sigma3': 0.0, 'parameter_omega1': 0.0, 'parameter_omega2': 0.0, 'parameter_omega3': 0.0003, 'clean_loss': 0.5096729626178741, 'clean_accuracy': 0.8307, 'transfer_fgsm_accuracy': 0.0674, 'transfer_pgd_accuracy': 0.0003, 'training_time_seconds': 111.33550906181335}
[50/67] Experiment: parameter_early_0.0005
epoch: 1, train loss: 1.5012616549301148, val_acc: 0.5745, val_loss: 1.1825485525131225
epoch: 2, train loss: 1.1123079011917114, val_acc: 0.631, val_loss: 1.052104522895813
epoch: 3, train loss: 0.9415754377365112, val_acc: 0.684, val_loss: 0.9309000156402588
epoch: 4, train loss: 0.8607834099006653, val_acc: 0.7029, val_loss: 0.853061547756195
epoch: 5, train loss: 0.7821080632400512, val_acc: 0.7329, val_loss: 0.786192589187622
epoch: 6, train loss: 0.7254665676116944, val_acc: 0.7386, val_loss: 0.7525074645996094
epoch: 7, train loss: 0.6822922351837158, val_acc: 0.7544, val_loss: 0.6861301609992981
epoch: 8, train loss: 0.6505098228263855, val_acc: 0.7545, val_loss: 0.7314702874183655
epoch: 9, train loss: 0.617425415687561, val_acc: 0.7688, val_loss: 0.6764197584152222
epoch: 10, train loss: 0.5949024068069458, val_acc: 0.7784, val_loss: 0.6503725492477417
epoch: 11, train loss: 0.5696634625053406, val_acc: 0.8024, val_loss: 0.5745555117607116
epoch: 12, train loss: 0.5483017287826538, val_acc: 0.7987, val_loss: 0.5786714733123779
epoch: 13, train loss: 0.5276955942440033, val_acc: 0.7937, val_loss: 0.6100175314903259
epoch: 14, train loss: 0.5102989383506775, val_acc: 0.8022, val_loss: 0.5797687797546387
epoch: 15, train loss: 0.49775786072731015, val_acc: 0.8112, val_loss: 0.5458884201049805
epoch: 16, train loss: 0.4855329330635071, val_acc: 0.8058, val_loss: 0.5541405662536621
epoch: 17, train loss: 0.4745364542961121, val_acc: 0.8256, val_loss: 0.5215739476203919
epoch: 18, train loss: 0.4522996092414856, val_acc: 0.7969, val_loss: 0.6062609217643737
epoch: 19, train loss: 0.44795694101333616, val_acc: 0.8225, val_loss: 0.5236019757270813
Accuracy class 0 = 90.7 %
Accuracy class 1 = 94.6 %
Accuracy class 2 = 72.4 %
Accuracy class 3 = 69.4 %
Accuracy class 4 = 88.5 %
Accuracy class 5 = 74.8 %
Accuracy class 6 = 81.3 %
Accuracy class 7 = 81.4 %
Accuracy class 8 = 83.0 %
Accuracy class 9 = 89.4 %
epoch: 20, train loss: 0.4329973795890808, val_acc: 0.8255, val_loss: 0.5292800220489502
{'name': 'parameter_early_0.0005', 'noise_type': 'parameter', 'group': 'early', 'value': 0.0005, 'activation_sigma1': 0.0, 'activation_sigma2': 0.0, 'activation_sigma3': 0.0, 'parameter_omega1': 0.0005, 'parameter_omega2': 0.0, 'parameter_omega3': 0.0, 'clean_loss': 0.5292800220489502, 'clean_accuracy': 0.8255, 'transfer_fgsm_accuracy': 0.0505, 'transfer_pgd_accuracy': 0.0003, 'training_time_seconds': 111.09188055992126}
[51/67] Experiment: parameter_late_0.0005
epoch: 1, train loss: 1.4980823081970216, val_acc: 0.5694, val_loss: 1.1948685537338257
epoch: 2, train loss: 1.109624803085327, val_acc: 0.633, val_loss: 1.061044239616394
epoch: 3, train loss: 0.9373414825248718, val_acc: 0.6635, val_loss: 1.0140969011306762
epoch: 4, train loss: 0.8567877097702027, val_acc: 0.7118, val_loss: 0.8224114565849304
epoch: 5, train loss: 0.773960067577362, val_acc: 0.7458, val_loss: 0.7402342121124268
epoch: 6, train loss: 0.7184338248825073, val_acc: 0.7582, val_loss: 0.7032468463897705
epoch: 7, train loss: 0.6768212257957459, val_acc: 0.7585, val_loss: 0.6728714722633362
epoch: 8, train loss: 0.6441967933654785, val_acc: 0.7424, val_loss: 0.790726698589325
epoch: 9, train loss: 0.6161382171821594, val_acc: 0.7683, val_loss: 0.6864129995346069
epoch: 10, train loss: 0.5963430253219605, val_acc: 0.7928, val_loss: 0.603102303314209
epoch: 11, train loss: 0.5676317517471313, val_acc: 0.796, val_loss: 0.6000236336708069
epoch: 12, train loss: 0.5491290205574035, val_acc: 0.8136, val_loss: 0.5543937064170837
epoch: 13, train loss: 0.5258458560180664, val_acc: 0.8065, val_loss: 0.5667118030548096
epoch: 14, train loss: 0.5067763101577759, val_acc: 0.8112, val_loss: 0.5531604683876038
epoch: 15, train loss: 0.4962696891403198, val_acc: 0.7904, val_loss: 0.6241026634216309
epoch: 16, train loss: 0.48757757205963137, val_acc: 0.8173, val_loss: 0.5284189998626709
epoch: 17, train loss: 0.4693532126617432, val_acc: 0.8305, val_loss: 0.49500294208526613
epoch: 18, train loss: 0.44958460689544677, val_acc: 0.8017, val_loss: 0.5937011549949646
epoch: 19, train loss: 0.44510704199790957, val_acc: 0.8222, val_loss: 0.5242771993637085
Accuracy class 0 = 86.2 %
Accuracy class 1 = 93.8 %
Accuracy class 2 = 76.3 %
Accuracy class 3 = 72.9 %
Accuracy class 4 = 87.9 %
Accuracy class 5 = 71.9 %
Accuracy class 6 = 83.6 %
Accuracy class 7 = 83.9 %
Accuracy class 8 = 87.1 %
Accuracy class 9 = 89.8 %
epoch: 20, train loss: 0.43404321249008176, val_acc: 0.8334, val_loss: 0.49043038158416746
{'name': 'parameter_late_0.0005', 'noise_type': 'parameter', 'group': 'late', 'value': 0.0005, 'activation_sigma1': 0.0, 'activation_sigma2': 0.0, 'activation_sigma3': 0.0, 'parameter_omega1': 0.0, 'parameter_omega2': 0.0005, 'parameter_omega3': 0.0, 'clean_loss': 0.49043038158416746, 'clean_accuracy': 0.8334, 'transfer_fgsm_accuracy': 0.0554, 'transfer_pgd_accuracy': 0.0002, 'training_time_seconds': 110.83677244186401}
[52/67] Experiment: parameter_classifier_0.0005
epoch: 1, train loss: 1.49848101436615, val_acc: 0.5597, val_loss: 1.2403939868927
epoch: 2, train loss: 1.109231180229187, val_acc: 0.6402, val_loss: 1.022847871208191
epoch: 3, train loss: 0.9417787002182006, val_acc: 0.6846, val_loss: 0.9349867092132569
epoch: 4, train loss: 0.8561309012031555, val_acc: 0.7091, val_loss: 0.8299751045227051
epoch: 5, train loss: 0.7794844778823853, val_acc: 0.7267, val_loss: 0.8037788439750672
epoch: 6, train loss: 0.7187886080551148, val_acc: 0.755, val_loss: 0.6970323952674866
epoch: 7, train loss: 0.6776424457931518, val_acc: 0.7451, val_loss: 0.7097257091522217
epoch: 8, train loss: 0.6493154778671265, val_acc: 0.7347, val_loss: 0.8074118167877197
epoch: 9, train loss: 0.6169602054786683, val_acc: 0.7797, val_loss: 0.6369653441429138
epoch: 10, train loss: 0.5929606133651734, val_acc: 0.7921, val_loss: 0.6027897703170776
epoch: 11, train loss: 0.569602932472229, val_acc: 0.8051, val_loss: 0.5654951022148133
epoch: 12, train loss: 0.5483966921806336, val_acc: 0.809, val_loss: 0.5585767347335815
epoch: 13, train loss: 0.5273553205394745, val_acc: 0.8064, val_loss: 0.5611415745735169
epoch: 14, train loss: 0.5106166084098815, val_acc: 0.8023, val_loss: 0.5843950726509094
epoch: 15, train loss: 0.4958567955970764, val_acc: 0.7854, val_loss: 0.6404698844909668
epoch: 16, train loss: 0.48620368246078494, val_acc: 0.8192, val_loss: 0.5204505197525024
epoch: 17, train loss: 0.4761817911720276, val_acc: 0.8254, val_loss: 0.5145651182174683
epoch: 18, train loss: 0.4538408522415161, val_acc: 0.816, val_loss: 0.5444507521629334
epoch: 19, train loss: 0.44716558646202087, val_acc: 0.8342, val_loss: 0.4895685022354126
Accuracy class 0 = 86.6 %
Accuracy class 1 = 93.5 %
Accuracy class 2 = 70.5 %
Accuracy class 3 = 76.0 %
Accuracy class 4 = 89.4 %
Accuracy class 5 = 72.2 %
Accuracy class 6 = 84.5 %
Accuracy class 7 = 77.9 %
Accuracy class 8 = 85.4 %
Accuracy class 9 = 89.8 %
epoch: 20, train loss: 0.4333476143836975, val_acc: 0.8258, val_loss: 0.5109961243629455
{'name': 'parameter_classifier_0.0005', 'noise_type': 'parameter', 'group': 'classifier', 'value': 0.0005, 'activation_sigma1': 0.0, 'activation_sigma2': 0.0, 'activation_sigma3': 0.0, 'parameter_omega1': 0.0, 'parameter_omega2': 0.0, 'parameter_omega3': 0.0005, 'clean_loss': 0.5109961243629455, 'clean_accuracy': 0.8258, 'transfer_fgsm_accuracy': 0.052, 'transfer_pgd_accuracy': 0.0001, 'training_time_seconds': 115.03576755523682}
[53/67] Experiment: parameter_early_0.001
epoch: 1, train loss: 1.4976595524978638, val_acc: 0.5612, val_loss: 1.2255613050460816
epoch: 2, train loss: 1.114121215133667, val_acc: 0.6377, val_loss: 1.0188721090316772
epoch: 3, train loss: 0.9460516453552246, val_acc: 0.6618, val_loss: 1.0008608083724975
epoch: 4, train loss: 0.8618863969230652, val_acc: 0.6946, val_loss: 0.8802762634277344
epoch: 5, train loss: 0.781818069896698, val_acc: 0.7254, val_loss: 0.8130039182662964
epoch: 6, train loss: 0.7233435103416442, val_acc: 0.7261, val_loss: 0.8006981719017029
epoch: 7, train loss: 0.6833499025917054, val_acc: 0.7562, val_loss: 0.6853528144836426
epoch: 8, train loss: 0.6512288143920898, val_acc: 0.7674, val_loss: 0.6920663745880127
epoch: 9, train loss: 0.6153442443466186, val_acc: 0.7804, val_loss: 0.6335379544258117
epoch: 10, train loss: 0.5954507735061646, val_acc: 0.7769, val_loss: 0.6510216377258301
epoch: 11, train loss: 0.5680908567237855, val_acc: 0.7897, val_loss: 0.6207441867828369
epoch: 12, train loss: 0.5501767217826843, val_acc: 0.8058, val_loss: 0.5616836630821228
epoch: 13, train loss: 0.5280524858856201, val_acc: 0.8085, val_loss: 0.5568288450717926
epoch: 14, train loss: 0.5072273711204529, val_acc: 0.8139, val_loss: 0.5350837617397308
epoch: 15, train loss: 0.4958291316795349, val_acc: 0.792, val_loss: 0.6253502223968506
epoch: 16, train loss: 0.48653533962249756, val_acc: 0.8134, val_loss: 0.5406699367523193
epoch: 17, train loss: 0.47103553658485414, val_acc: 0.8217, val_loss: 0.5206591199874878
epoch: 18, train loss: 0.4534482837677002, val_acc: 0.8145, val_loss: 0.5380672019958496
epoch: 19, train loss: 0.44724927949905396, val_acc: 0.8285, val_loss: 0.495024214220047
Accuracy class 0 = 87.2 %
Accuracy class 1 = 89.9 %
Accuracy class 2 = 74.7 %
Accuracy class 3 = 71.4 %
Accuracy class 4 = 88.3 %
Accuracy class 5 = 63.3 %
Accuracy class 6 = 89.1 %
Accuracy class 7 = 69.5 %
Accuracy class 8 = 91.7 %
Accuracy class 9 = 91.5 %
epoch: 20, train loss: 0.43168969188690187, val_acc: 0.8166, val_loss: 0.5335653349876404
{'name': 'parameter_early_0.001', 'noise_type': 'parameter', 'group': 'early', 'value': 0.001, 'activation_sigma1': 0.0, 'activation_sigma2': 0.0, 'activation_sigma3': 0.0, 'parameter_omega1': 0.001, 'parameter_omega2': 0.0, 'parameter_omega3': 0.0, 'clean_loss': 0.5335653349876404, 'clean_accuracy': 0.8166, 'transfer_fgsm_accuracy': 0.0735, 'transfer_pgd_accuracy': 0.0005, 'training_time_seconds': 110.99541068077087}
[54/67] Experiment: parameter_late_0.001
epoch: 1, train loss: 1.5000190697860718, val_acc: 0.5683, val_loss: 1.19622156829834
epoch: 2, train loss: 1.1059288213348388, val_acc: 0.6445, val_loss: 1.0095200191497802
epoch: 3, train loss: 0.937278741016388, val_acc: 0.6716, val_loss: 0.9661456350326538
epoch: 4, train loss: 0.857443983745575, val_acc: 0.7123, val_loss: 0.8187888772010803
epoch: 5, train loss: 0.7817208326911926, val_acc: 0.7344, val_loss: 0.7827839229583741
epoch: 6, train loss: 0.7197902820587159, val_acc: 0.7546, val_loss: 0.6982393239021302
epoch: 7, train loss: 0.677136273021698, val_acc: 0.7383, val_loss: 0.729693249130249
epoch: 8, train loss: 0.6490470933532715, val_acc: 0.749, val_loss: 0.7582779934883118
epoch: 9, train loss: 0.6150726170539856, val_acc: 0.7705, val_loss: 0.6642107228279114
epoch: 10, train loss: 0.5955157383346558, val_acc: 0.7717, val_loss: 0.6747046488761902
epoch: 11, train loss: 0.567953777141571, val_acc: 0.7954, val_loss: 0.5937516761779785
epoch: 12, train loss: 0.5513444729423523, val_acc: 0.8085, val_loss: 0.5582963974952698
epoch: 13, train loss: 0.5274446713352203, val_acc: 0.8003, val_loss: 0.5846847557067871
epoch: 14, train loss: 0.5114974919128418, val_acc: 0.8136, val_loss: 0.5389940952301026
epoch: 15, train loss: 0.4987953036117554, val_acc: 0.801, val_loss: 0.6046287601470948
epoch: 16, train loss: 0.48917859506607053, val_acc: 0.8152, val_loss: 0.5355668212890625
epoch: 17, train loss: 0.4705231163787842, val_acc: 0.8181, val_loss: 0.5323078017234802
epoch: 18, train loss: 0.45401440029144285, val_acc: 0.8054, val_loss: 0.5816352153778076
epoch: 19, train loss: 0.44653801407814026, val_acc: 0.83, val_loss: 0.5081530420303345
Accuracy class 0 = 87.3 %
Accuracy class 1 = 93.9 %
Accuracy class 2 = 67.6 %
Accuracy class 3 = 75.3 %
Accuracy class 4 = 87.8 %
Accuracy class 5 = 73.8 %
Accuracy class 6 = 84.9 %
Accuracy class 7 = 85.3 %
Accuracy class 8 = 84.1 %
Accuracy class 9 = 90.0 %
epoch: 20, train loss: 0.43323016557693483, val_acc: 0.83, val_loss: 0.5032342094421387
{'name': 'parameter_late_0.001', 'noise_type': 'parameter', 'group': 'late', 'value': 0.001, 'activation_sigma1': 0.0, 'activation_sigma2': 0.0, 'activation_sigma3': 0.0, 'parameter_omega1': 0.0, 'parameter_omega2': 0.001, 'parameter_omega3': 0.0, 'clean_loss': 0.5032342094421387, 'clean_accuracy': 0.83, 'transfer_fgsm_accuracy': 0.0622, 'transfer_pgd_accuracy': 0.0003, 'training_time_seconds': 110.30883288383484}
[55/67] Experiment: parameter_classifier_0.001
epoch: 1, train loss: 1.499106777305603, val_acc: 0.5801, val_loss: 1.1694542221069335
epoch: 2, train loss: 1.1086346466827393, val_acc: 0.643, val_loss: 1.0240748428344726
epoch: 3, train loss: 0.9399459329414368, val_acc: 0.6724, val_loss: 0.9549329860687256
epoch: 4, train loss: 0.8539288613891601, val_acc: 0.7124, val_loss: 0.8204095019340515
epoch: 5, train loss: 0.7752522202491761, val_acc: 0.7371, val_loss: 0.7700069233894348
epoch: 6, train loss: 0.7192342844772339, val_acc: 0.7409, val_loss: 0.7515895668029785
epoch: 7, train loss: 0.6785877679061889, val_acc: 0.7661, val_loss: 0.6663459138870239
epoch: 8, train loss: 0.646487174911499, val_acc: 0.7584, val_loss: 0.7250006567955017
epoch: 9, train loss: 0.6154616212844849, val_acc: 0.7857, val_loss: 0.6190230822563172
epoch: 10, train loss: 0.5900312558555603, val_acc: 0.7796, val_loss: 0.6428441739082337
epoch: 11, train loss: 0.5664094442081451, val_acc: 0.804, val_loss: 0.5717800048828126
epoch: 12, train loss: 0.5455951235580444, val_acc: 0.8027, val_loss: 0.5732779939651489
epoch: 13, train loss: 0.5275041875362396, val_acc: 0.8055, val_loss: 0.5682593523979187
epoch: 14, train loss: 0.506839981174469, val_acc: 0.8103, val_loss: 0.5511002312660217
epoch: 15, train loss: 0.49506270927429197, val_acc: 0.8012, val_loss: 0.6075444389343262
epoch: 16, train loss: 0.48705846863746644, val_acc: 0.8141, val_loss: 0.542589541053772
epoch: 17, train loss: 0.46907135765075686, val_acc: 0.809, val_loss: 0.5604737916946411
epoch: 18, train loss: 0.45122923568725587, val_acc: 0.807, val_loss: 0.5815408828735351
epoch: 19, train loss: 0.44344753277778626, val_acc: 0.8121, val_loss: 0.560482435798645
Accuracy class 0 = 88.5 %
Accuracy class 1 = 94.2 %
Accuracy class 2 = 65.3 %
Accuracy class 3 = 72.4 %
Accuracy class 4 = 89.9 %
Accuracy class 5 = 79.6 %
Accuracy class 6 = 76.5 %
Accuracy class 7 = 82.1 %
Accuracy class 8 = 82.2 %
Accuracy class 9 = 89.8 %
epoch: 20, train loss: 0.4315731377601624, val_acc: 0.8205, val_loss: 0.5443411385536194
{'name': 'parameter_classifier_0.001', 'noise_type': 'parameter', 'group': 'classifier', 'value': 0.001, 'activation_sigma1': 0.0, 'activation_sigma2': 0.0, 'activation_sigma3': 0.0, 'parameter_omega1': 0.0, 'parameter_omega2': 0.0, 'parameter_omega3': 0.001, 'clean_loss': 0.5443411385536194, 'clean_accuracy': 0.8205, 'transfer_fgsm_accuracy': 0.0532, 'transfer_pgd_accuracy': 0.0003, 'training_time_seconds': 110.47419166564941}
[56/67] Experiment: parameter_early_0.002
epoch: 1, train loss: 1.4972938367462159, val_acc: 0.5696, val_loss: 1.197585312652588
epoch: 2, train loss: 1.110306747970581, val_acc: 0.629, val_loss: 1.0568826175689696
epoch: 3, train loss: 0.9436907299804688, val_acc: 0.6477, val_loss: 1.0534446834564208
epoch: 4, train loss: 0.8582476452445984, val_acc: 0.7248, val_loss: 0.7687088447570801
epoch: 5, train loss: 0.7805876310348511, val_acc: 0.7485, val_loss: 0.7287646558761597
epoch: 6, train loss: 0.719463407421112, val_acc: 0.7564, val_loss: 0.7081763987541199
epoch: 7, train loss: 0.6841714250946045, val_acc: 0.7559, val_loss: 0.6894583730697632
epoch: 8, train loss: 0.6502043951797485, val_acc: 0.7593, val_loss: 0.7116180215835571
epoch: 9, train loss: 0.6186412705039978, val_acc: 0.7818, val_loss: 0.634425813293457
epoch: 10, train loss: 0.5989141076278687, val_acc: 0.7862, val_loss: 0.6195736211776733
epoch: 11, train loss: 0.5692468027877807, val_acc: 0.7842, val_loss: 0.6272122234344483
epoch: 12, train loss: 0.5523600197410583, val_acc: 0.8105, val_loss: 0.5486304141044617
epoch: 13, train loss: 0.5278349030971528, val_acc: 0.7986, val_loss: 0.592976083278656
epoch: 14, train loss: 0.5108392960166931, val_acc: 0.7992, val_loss: 0.5872454498291015
epoch: 15, train loss: 0.4961375584602356, val_acc: 0.8078, val_loss: 0.5675088131904602
epoch: 16, train loss: 0.4856834961795807, val_acc: 0.8152, val_loss: 0.5377708221435546
epoch: 17, train loss: 0.47315804220199587, val_acc: 0.8129, val_loss: 0.5474797763824463
epoch: 18, train loss: 0.4573614814376831, val_acc: 0.8215, val_loss: 0.5305129364013672
epoch: 19, train loss: 0.4500621334648132, val_acc: 0.8226, val_loss: 0.5260687466621399
Accuracy class 0 = 89.0 %
Accuracy class 1 = 94.4 %
Accuracy class 2 = 70.1 %
Accuracy class 3 = 71.1 %
Accuracy class 4 = 89.9 %
Accuracy class 5 = 73.1 %
Accuracy class 6 = 87.6 %
Accuracy class 7 = 82.4 %
Accuracy class 8 = 80.8 %
Accuracy class 9 = 92.5 %
epoch: 20, train loss: 0.43424109656333926, val_acc: 0.8309, val_loss: 0.5055660102844238
{'name': 'parameter_early_0.002', 'noise_type': 'parameter', 'group': 'early', 'value': 0.002, 'activation_sigma1': 0.0, 'activation_sigma2': 0.0, 'activation_sigma3': 0.0, 'parameter_omega1': 0.002, 'parameter_omega2': 0.0, 'parameter_omega3': 0.0, 'clean_loss': 0.5055660102844238, 'clean_accuracy': 0.8309, 'transfer_fgsm_accuracy': 0.0619, 'transfer_pgd_accuracy': 0.0002, 'training_time_seconds': 110.70255637168884}
[57/67] Experiment: parameter_late_0.002
epoch: 1, train loss: 1.501080163192749, val_acc: 0.5811, val_loss: 1.1749016983032226
epoch: 2, train loss: 1.1092818798065185, val_acc: 0.6429, val_loss: 1.0049997314453125
epoch: 3, train loss: 0.9424648562812805, val_acc: 0.6785, val_loss: 0.9488892528533935
epoch: 4, train loss: 0.8582839350891114, val_acc: 0.7037, val_loss: 0.847691544342041
epoch: 5, train loss: 0.7802669290351868, val_acc: 0.7309, val_loss: 0.7842801888465881
epoch: 6, train loss: 0.7191766289901733, val_acc: 0.7412, val_loss: 0.739453980255127
epoch: 7, train loss: 0.6807546016311645, val_acc: 0.761, val_loss: 0.6696033093452454
epoch: 8, train loss: 0.6470453895950318, val_acc: 0.748, val_loss: 0.7725513611793519
epoch: 9, train loss: 0.6163862044906616, val_acc: 0.7838, val_loss: 0.6274818088531494
epoch: 10, train loss: 0.5942092223358154, val_acc: 0.7929, val_loss: 0.5959430744171142
epoch: 11, train loss: 0.5647362839126587, val_acc: 0.7902, val_loss: 0.6223079159736633
epoch: 12, train loss: 0.5484655309867859, val_acc: 0.796, val_loss: 0.5889608940124512
epoch: 13, train loss: 0.5256191361427307, val_acc: 0.7916, val_loss: 0.599228584766388
epoch: 14, train loss: 0.5083048981475831, val_acc: 0.807, val_loss: 0.5713081236839295
epoch: 15, train loss: 0.49249596561431885, val_acc: 0.8105, val_loss: 0.5627687200546264
epoch: 16, train loss: 0.48430802896499636, val_acc: 0.8152, val_loss: 0.5404685408592224
epoch: 17, train loss: 0.4732039763736725, val_acc: 0.8174, val_loss: 0.5302347735404969
epoch: 18, train loss: 0.45228661590576175, val_acc: 0.7968, val_loss: 0.6010520300865173
epoch: 19, train loss: 0.44604073080062867, val_acc: 0.8182, val_loss: 0.5515358655929565
Accuracy class 0 = 86.9 %
Accuracy class 1 = 90.6 %
Accuracy class 2 = 66.4 %
Accuracy class 3 = 75.1 %
Accuracy class 4 = 91.3 %
Accuracy class 5 = 70.8 %
Accuracy class 6 = 83.6 %
Accuracy class 7 = 81.2 %
Accuracy class 8 = 84.7 %
Accuracy class 9 = 93.3 %
epoch: 20, train loss: 0.4316730140113831, val_acc: 0.8239, val_loss: 0.5217305357933044
{'name': 'parameter_late_0.002', 'noise_type': 'parameter', 'group': 'late', 'value': 0.002, 'activation_sigma1': 0.0, 'activation_sigma2': 0.0, 'activation_sigma3': 0.0, 'parameter_omega1': 0.0, 'parameter_omega2': 0.002, 'parameter_omega3': 0.0, 'clean_loss': 0.5217305357933044, 'clean_accuracy': 0.8239, 'transfer_fgsm_accuracy': 0.0667, 'transfer_pgd_accuracy': 0.0004, 'training_time_seconds': 110.69563055038452}
[58/67] Experiment: parameter_classifier_0.002
epoch: 1, train loss: 1.4976604270553588, val_acc: 0.5582, val_loss: 1.239909789276123
epoch: 2, train loss: 1.1100718205642701, val_acc: 0.6401, val_loss: 1.0103854887008668
epoch: 3, train loss: 0.9432382448959351, val_acc: 0.6768, val_loss: 0.9394797286987304
epoch: 4, train loss: 0.8588831431388855, val_acc: 0.692, val_loss: 0.8867239295005799
epoch: 5, train loss: 0.7830939349746704, val_acc: 0.7202, val_loss: 0.8179980233192444
epoch: 6, train loss: 0.7218934049415588, val_acc: 0.7577, val_loss: 0.6978567251205444
epoch: 7, train loss: 0.6839059693145751, val_acc: 0.7484, val_loss: 0.7135616457939148
epoch: 8, train loss: 0.6494019643974304, val_acc: 0.7275, val_loss: 0.8360707084655762
epoch: 9, train loss: 0.6172968658065796, val_acc: 0.7826, val_loss: 0.6303657485008239
epoch: 10, train loss: 0.5970004786682129, val_acc: 0.7895, val_loss: 0.6169750656127929
epoch: 11, train loss: 0.5668109665107727, val_acc: 0.797, val_loss: 0.5868405749320984
epoch: 12, train loss: 0.5489483298873902, val_acc: 0.8088, val_loss: 0.5659635128974915
epoch: 13, train loss: 0.5278514455986023, val_acc: 0.8, val_loss: 0.595967799282074
epoch: 14, train loss: 0.5094819579124451, val_acc: 0.8074, val_loss: 0.569592667388916
epoch: 15, train loss: 0.49650145402908324, val_acc: 0.8132, val_loss: 0.5474373099327088
epoch: 16, train loss: 0.4837721228790283, val_acc: 0.8132, val_loss: 0.5554740699768066
epoch: 17, train loss: 0.4740978926849365, val_acc: 0.8219, val_loss: 0.5221154033660889
epoch: 18, train loss: 0.45169609537124633, val_acc: 0.8198, val_loss: 0.5457634532928467
epoch: 19, train loss: 0.4461465030193329, val_acc: 0.828, val_loss: 0.5171443387508392
Accuracy class 0 = 88.4 %
Accuracy class 1 = 94.3 %
Accuracy class 2 = 74.9 %
Accuracy class 3 = 74.0 %
Accuracy class 4 = 86.6 %
Accuracy class 5 = 64.3 %
Accuracy class 6 = 84.9 %
Accuracy class 7 = 79.2 %
Accuracy class 8 = 89.6 %
Accuracy class 9 = 87.5 %
epoch: 20, train loss: 0.4353282582092285, val_acc: 0.8237, val_loss: 0.5196781847953796
{'name': 'parameter_classifier_0.002', 'noise_type': 'parameter', 'group': 'classifier', 'value': 0.002, 'activation_sigma1': 0.0, 'activation_sigma2': 0.0, 'activation_sigma3': 0.0, 'parameter_omega1': 0.0, 'parameter_omega2': 0.0, 'parameter_omega3': 0.002, 'clean_loss': 0.5196781847953796, 'clean_accuracy': 0.8237, 'transfer_fgsm_accuracy': 0.0652, 'transfer_pgd_accuracy': 0.0004, 'training_time_seconds': 110.91665506362915}
[59/67] Experiment: parameter_early_0.003
epoch: 1, train loss: 1.5003716345977782, val_acc: 0.5781, val_loss: 1.18820064163208
epoch: 2, train loss: 1.1117904364395141, val_acc: 0.6386, val_loss: 1.0183863458633422
epoch: 3, train loss: 0.9510431524276733, val_acc: 0.6537, val_loss: 1.0520857934951782
epoch: 4, train loss: 0.8623930453300476, val_acc: 0.7181, val_loss: 0.8092059551239014
epoch: 5, train loss: 0.7806528239250183, val_acc: 0.7224, val_loss: 0.7979361694335938
epoch: 6, train loss: 0.7253588198852539, val_acc: 0.7338, val_loss: 0.7819352058410645
epoch: 7, train loss: 0.6810395929336548, val_acc: 0.7543, val_loss: 0.6989494362831116
epoch: 8, train loss: 0.649448490447998, val_acc: 0.7515, val_loss: 0.7446932633399963
epoch: 9, train loss: 0.6210079236221313, val_acc: 0.776, val_loss: 0.6495782619476318
epoch: 10, train loss: 0.5970954887008667, val_acc: 0.7821, val_loss: 0.6419115045547485
epoch: 11, train loss: 0.5679406853866578, val_acc: 0.786, val_loss: 0.6225154039382934
epoch: 12, train loss: 0.5535658556747437, val_acc: 0.8113, val_loss: 0.5499074425697327
epoch: 13, train loss: 0.529247807302475, val_acc: 0.7968, val_loss: 0.5901246161460877
epoch: 14, train loss: 0.5091438098526001, val_acc: 0.809, val_loss: 0.5601964673995972
epoch: 15, train loss: 0.5010673338890076, val_acc: 0.8221, val_loss: 0.5345714904785156
epoch: 16, train loss: 0.4879287029457092, val_acc: 0.8165, val_loss: 0.5328091061592102
epoch: 17, train loss: 0.47303600609779356, val_acc: 0.824, val_loss: 0.5288685936927795
epoch: 18, train loss: 0.45704009113311767, val_acc: 0.8163, val_loss: 0.5432454257965088
epoch: 19, train loss: 0.4508984027290344, val_acc: 0.8219, val_loss: 0.5342586484909058
Accuracy class 0 = 88.7 %
Accuracy class 1 = 93.0 %
Accuracy class 2 = 74.8 %
Accuracy class 3 = 76.2 %
Accuracy class 4 = 86.9 %
Accuracy class 5 = 72.8 %
Accuracy class 6 = 85.4 %
Accuracy class 7 = 82.4 %
Accuracy class 8 = 87.5 %
Accuracy class 9 = 86.9 %
epoch: 20, train loss: 0.4373716989707947, val_acc: 0.8346, val_loss: 0.49611056632995604
{'name': 'parameter_early_0.003', 'noise_type': 'parameter', 'group': 'early', 'value': 0.003, 'activation_sigma1': 0.0, 'activation_sigma2': 0.0, 'activation_sigma3': 0.0, 'parameter_omega1': 0.003, 'parameter_omega2': 0.0, 'parameter_omega3': 0.0, 'clean_loss': 0.49611056632995604, 'clean_accuracy': 0.8346, 'transfer_fgsm_accuracy': 0.0639, 'transfer_pgd_accuracy': 0.0001, 'training_time_seconds': 112.02593731880188}
[60/67] Experiment: parameter_late_0.003
epoch: 1, train loss: 1.4992197303771972, val_acc: 0.5788, val_loss: 1.1766174049377442
epoch: 2, train loss: 1.110183492050171, val_acc: 0.6352, val_loss: 1.0420087594985963
epoch: 3, train loss: 0.9475561202812195, val_acc: 0.6769, val_loss: 0.9589727300643921
epoch: 4, train loss: 0.8625848028564453, val_acc: 0.6969, val_loss: 0.8540220926284791
epoch: 5, train loss: 0.779386329650879, val_acc: 0.7406, val_loss: 0.7555441427230835
epoch: 6, train loss: 0.7232013607597351, val_acc: 0.7483, val_loss: 0.7322829424858093
epoch: 7, train loss: 0.6795063325119018, val_acc: 0.7587, val_loss: 0.6789245084762573
epoch: 8, train loss: 0.6522001984596253, val_acc: 0.764, val_loss: 0.7001126054763794
epoch: 9, train loss: 0.6177920833969116, val_acc: 0.7563, val_loss: 0.7077921620368958
epoch: 10, train loss: 0.5991095233917236, val_acc: 0.7743, val_loss: 0.6750036399841308
epoch: 11, train loss: 0.5684743149375916, val_acc: 0.792, val_loss: 0.6181025169372558
epoch: 12, train loss: 0.5498239668655396, val_acc: 0.8063, val_loss: 0.5719847550392151
epoch: 13, train loss: 0.5302109698295593, val_acc: 0.8048, val_loss: 0.5762806577682495
epoch: 14, train loss: 0.5116605604171753, val_acc: 0.7901, val_loss: 0.6104938096046447
epoch: 15, train loss: 0.4967419983673096, val_acc: 0.8042, val_loss: 0.5794925839424133
epoch: 16, train loss: 0.4876092116355896, val_acc: 0.8219, val_loss: 0.5233077557563782
epoch: 17, train loss: 0.47299841606140136, val_acc: 0.8166, val_loss: 0.5473815629005432
epoch: 18, train loss: 0.45398387237548826, val_acc: 0.8185, val_loss: 0.5416958082199097
epoch: 19, train loss: 0.4449198795127869, val_acc: 0.8165, val_loss: 0.5497230124473572
Accuracy class 0 = 88.4 %
Accuracy class 1 = 91.6 %
Accuracy class 2 = 69.1 %
Accuracy class 3 = 71.0 %
Accuracy class 4 = 90.4 %
Accuracy class 5 = 64.8 %
Accuracy class 6 = 84.8 %
Accuracy class 7 = 77.6 %
Accuracy class 8 = 86.6 %
Accuracy class 9 = 94.6 %
epoch: 20, train loss: 0.4358282464790344, val_acc: 0.8189, val_loss: 0.5576069319725037
{'name': 'parameter_late_0.003', 'noise_type': 'parameter', 'group': 'late', 'value': 0.003, 'activation_sigma1': 0.0, 'activation_sigma2': 0.0, 'activation_sigma3': 0.0, 'parameter_omega1': 0.0, 'parameter_omega2': 0.003, 'parameter_omega3': 0.0, 'clean_loss': 0.5576069319725037, 'clean_accuracy': 0.8189, 'transfer_fgsm_accuracy': 0.0696, 'transfer_pgd_accuracy': 0.0004, 'training_time_seconds': 112.13527035713196}
[61/67] Experiment: parameter_classifier_0.003
epoch: 1, train loss: 1.499426739883423, val_acc: 0.5762, val_loss: 1.1879194744110106
epoch: 2, train loss: 1.111425235595703, val_acc: 0.6352, val_loss: 1.0597711019515992
epoch: 3, train loss: 0.944027515411377, val_acc: 0.6691, val_loss: 0.9757844091415405
epoch: 4, train loss: 0.8569574056625366, val_acc: 0.6893, val_loss: 0.8826877262115479
epoch: 5, train loss: 0.7796148321342469, val_acc: 0.7248, val_loss: 0.8033570345878601
epoch: 6, train loss: 0.7227733232879638, val_acc: 0.7361, val_loss: 0.7653617313385009
epoch: 7, train loss: 0.6821057224655152, val_acc: 0.7429, val_loss: 0.7398789695739746
epoch: 8, train loss: 0.6516258650779724, val_acc: 0.7611, val_loss: 0.7100966750144958
epoch: 9, train loss: 0.6186082579421998, val_acc: 0.7732, val_loss: 0.6505050995826721
epoch: 10, train loss: 0.5967976051712036, val_acc: 0.7827, val_loss: 0.6383311002731323
epoch: 11, train loss: 0.568852060842514, val_acc: 0.7906, val_loss: 0.6232738510131836
epoch: 12, train loss: 0.5534255276679992, val_acc: 0.7937, val_loss: 0.6117683529853821
epoch: 13, train loss: 0.5308053526973724, val_acc: 0.7934, val_loss: 0.6012942248344422
epoch: 14, train loss: 0.5123688230133057, val_acc: 0.7951, val_loss: 0.6061197142601014
epoch: 15, train loss: 0.5000917380523682, val_acc: 0.7892, val_loss: 0.6250940470695495
epoch: 16, train loss: 0.4890334677314758, val_acc: 0.8128, val_loss: 0.5381978284835816
epoch: 17, train loss: 0.47212280250549316, val_acc: 0.8184, val_loss: 0.5268629203796387
epoch: 18, train loss: 0.45472644962310793, val_acc: 0.8074, val_loss: 0.5821071949958802
epoch: 19, train loss: 0.44745752636909486, val_acc: 0.8081, val_loss: 0.5712340463638306
Accuracy class 0 = 87.9 %
Accuracy class 1 = 94.2 %
Accuracy class 2 = 75.9 %
Accuracy class 3 = 71.7 %
Accuracy class 4 = 87.9 %
Accuracy class 5 = 77.6 %
Accuracy class 6 = 82.6 %
Accuracy class 7 = 83.0 %
Accuracy class 8 = 82.6 %
Accuracy class 9 = 88.5 %
epoch: 20, train loss: 0.431967095041275, val_acc: 0.8319, val_loss: 0.504765379524231
{'name': 'parameter_classifier_0.003', 'noise_type': 'parameter', 'group': 'classifier', 'value': 0.003, 'activation_sigma1': 0.0, 'activation_sigma2': 0.0, 'activation_sigma3': 0.0, 'parameter_omega1': 0.0, 'parameter_omega2': 0.0, 'parameter_omega3': 0.003, 'clean_loss': 0.504765379524231, 'clean_accuracy': 0.8319, 'transfer_fgsm_accuracy': 0.0469, 'transfer_pgd_accuracy': 0.0002, 'training_time_seconds': 112.37086915969849}
[62/67] Experiment: parameter_early_0.005
epoch: 1, train loss: 1.4987777180480957, val_acc: 0.5849, val_loss: 1.1663646682739257
epoch: 2, train loss: 1.1086099123764037, val_acc: 0.6427, val_loss: 1.0042614419937135
epoch: 3, train loss: 0.9412467765808106, val_acc: 0.6808, val_loss: 0.9273838907241821
epoch: 4, train loss: 0.8553608938789368, val_acc: 0.7132, val_loss: 0.8179418566703797
epoch: 5, train loss: 0.7759208085632324, val_acc: 0.729, val_loss: 0.7991342435836792
epoch: 6, train loss: 0.7194239501762391, val_acc: 0.7526, val_loss: 0.7212041337013244
epoch: 7, train loss: 0.6793285814857483, val_acc: 0.7597, val_loss: 0.6740193031311035
epoch: 8, train loss: 0.6480509757614136, val_acc: 0.7723, val_loss: 0.6771183059692383
epoch: 9, train loss: 0.6151695267868041, val_acc: 0.7784, val_loss: 0.6418544923782349
epoch: 10, train loss: 0.5948828232765198, val_acc: 0.7792, val_loss: 0.64527017993927
epoch: 11, train loss: 0.5691156569099426, val_acc: 0.7956, val_loss: 0.5986492833137512
epoch: 12, train loss: 0.5481748410415649, val_acc: 0.8093, val_loss: 0.5606440435409545
epoch: 13, train loss: 0.5265935252952576, val_acc: 0.8108, val_loss: 0.5495230953216552
epoch: 14, train loss: 0.5081914615058899, val_acc: 0.8151, val_loss: 0.5390412111282349
epoch: 15, train loss: 0.49523932958602906, val_acc: 0.808, val_loss: 0.5687336380004883
epoch: 16, train loss: 0.485807488117218, val_acc: 0.813, val_loss: 0.5486210857391357
epoch: 17, train loss: 0.47099271782875063, val_acc: 0.8299, val_loss: 0.5034406597137451
epoch: 18, train loss: 0.4544507325553894, val_acc: 0.8205, val_loss: 0.5243491268157959
epoch: 19, train loss: 0.4443379206848145, val_acc: 0.8296, val_loss: 0.514266900062561
Accuracy class 0 = 86.2 %
Accuracy class 1 = 92.0 %
Accuracy class 2 = 74.7 %
Accuracy class 3 = 78.4 %
Accuracy class 4 = 87.7 %
Accuracy class 5 = 67.2 %
Accuracy class 6 = 82.4 %
Accuracy class 7 = 82.6 %
Accuracy class 8 = 86.9 %
Accuracy class 9 = 91.4 %
epoch: 20, train loss: 0.43447910585403443, val_acc: 0.8295, val_loss: 0.5011709490776062
{'name': 'parameter_early_0.005', 'noise_type': 'parameter', 'group': 'early', 'value': 0.005, 'activation_sigma1': 0.0, 'activation_sigma2': 0.0, 'activation_sigma3': 0.0, 'parameter_omega1': 0.005, 'parameter_omega2': 0.0, 'parameter_omega3': 0.0, 'clean_loss': 0.5011709490776062, 'clean_accuracy': 0.8295, 'transfer_fgsm_accuracy': 0.067, 'transfer_pgd_accuracy': 0.0002, 'training_time_seconds': 112.46311283111572}
[63/67] Experiment: parameter_late_0.005
epoch: 1, train loss: 1.4964019862747193, val_acc: 0.5754, val_loss: 1.1910535503387452
epoch: 2, train loss: 1.1087201105880737, val_acc: 0.6421, val_loss: 1.0022527696609498
epoch: 3, train loss: 0.9430584968757629, val_acc: 0.6546, val_loss: 1.038174362564087
epoch: 4, train loss: 0.858283792552948, val_acc: 0.7058, val_loss: 0.8440667778015136
epoch: 5, train loss: 0.7754280573654175, val_acc: 0.7428, val_loss: 0.7482726470947265
epoch: 6, train loss: 0.7190087181282043, val_acc: 0.7388, val_loss: 0.7610962821006775
epoch: 7, train loss: 0.6767243863296509, val_acc: 0.755, val_loss: 0.6791963908195495
epoch: 8, train loss: 0.6464690797233582, val_acc: 0.7444, val_loss: 0.7558916362762451
epoch: 9, train loss: 0.61340896900177, val_acc: 0.7682, val_loss: 0.6674387605667115
epoch: 10, train loss: 0.5944885258483886, val_acc: 0.7826, val_loss: 0.6436485365867615
epoch: 11, train loss: 0.5673983033370972, val_acc: 0.805, val_loss: 0.5699667175292968
epoch: 12, train loss: 0.5479511024856567, val_acc: 0.8056, val_loss: 0.563718692779541
epoch: 13, train loss: 0.5289940223026276, val_acc: 0.8043, val_loss: 0.574876465511322
epoch: 14, train loss: 0.5106959430885315, val_acc: 0.7972, val_loss: 0.5938852710723876
epoch: 15, train loss: 0.49232018281936646, val_acc: 0.8051, val_loss: 0.5741166107177734
epoch: 16, train loss: 0.48621933496475217, val_acc: 0.8169, val_loss: 0.5294361571311951
epoch: 17, train loss: 0.47087286712646487, val_acc: 0.8204, val_loss: 0.5301179361343383
epoch: 18, train loss: 0.4503502237319946, val_acc: 0.809, val_loss: 0.5595347067832946
epoch: 19, train loss: 0.4447318483543396, val_acc: 0.8191, val_loss: 0.5315977216720581
Accuracy class 0 = 89.5 %
Accuracy class 1 = 91.2 %
Accuracy class 2 = 75.2 %
Accuracy class 3 = 71.7 %
Accuracy class 4 = 89.0 %
Accuracy class 5 = 69.8 %
Accuracy class 6 = 85.4 %
Accuracy class 7 = 83.0 %
Accuracy class 8 = 83.9 %
Accuracy class 9 = 88.6 %
epoch: 20, train loss: 0.4329087736415863, val_acc: 0.8273, val_loss: 0.5051313041687012
{'name': 'parameter_late_0.005', 'noise_type': 'parameter', 'group': 'late', 'value': 0.005, 'activation_sigma1': 0.0, 'activation_sigma2': 0.0, 'activation_sigma3': 0.0, 'parameter_omega1': 0.0, 'parameter_omega2': 0.005, 'parameter_omega3': 0.0, 'clean_loss': 0.5051313041687012, 'clean_accuracy': 0.8273, 'transfer_fgsm_accuracy': 0.057, 'transfer_pgd_accuracy': 0.0, 'training_time_seconds': 112.89214611053467}
[64/67] Experiment: parameter_classifier_0.005
epoch: 1, train loss: 1.4983529265594482, val_acc: 0.5809, val_loss: 1.1777964469909667
epoch: 2, train loss: 1.1117931483459473, val_acc: 0.6402, val_loss: 1.0210723318099975
epoch: 3, train loss: 0.9415581984138489, val_acc: 0.6363, val_loss: 1.1202727077484131
epoch: 4, train loss: 0.8582730381584167, val_acc: 0.6821, val_loss: 0.9049705389022827
epoch: 5, train loss: 0.7747384861755371, val_acc: 0.7318, val_loss: 0.7784317048072815
epoch: 6, train loss: 0.7215347948074341, val_acc: 0.7355, val_loss: 0.7631317299842835
epoch: 7, train loss: 0.6797965296936035, val_acc: 0.7561, val_loss: 0.6852202568054199
epoch: 8, train loss: 0.6451191469192505, val_acc: 0.7644, val_loss: 0.69626544713974
epoch: 9, train loss: 0.6134679089736939, val_acc: 0.7867, val_loss: 0.6142065205574035
epoch: 10, train loss: 0.595075503616333, val_acc: 0.7721, val_loss: 0.6599577883720398
epoch: 11, train loss: 0.5655089042568207, val_acc: 0.7829, val_loss: 0.6413553133964539
epoch: 12, train loss: 0.5475169330787659, val_acc: 0.8063, val_loss: 0.5654690505981446
epoch: 13, train loss: 0.5251652540588378, val_acc: 0.7912, val_loss: 0.5941680877685547
epoch: 14, train loss: 0.5077886653709411, val_acc: 0.8059, val_loss: 0.5617418009757995
epoch: 15, train loss: 0.4940689158821106, val_acc: 0.7972, val_loss: 0.599617424583435
epoch: 16, train loss: 0.48510369625091554, val_acc: 0.8121, val_loss: 0.5465343482017517
epoch: 17, train loss: 0.46866386365890506, val_acc: 0.8151, val_loss: 0.5510971932411194
epoch: 18, train loss: 0.45427275882720947, val_acc: 0.8092, val_loss: 0.5622404611587525
epoch: 19, train loss: 0.44229233167648313, val_acc: 0.8314, val_loss: 0.4844703296661377
Accuracy class 0 = 84.6 %
Accuracy class 1 = 90.2 %
Accuracy class 2 = 65.2 %
Accuracy class 3 = 73.8 %
Accuracy class 4 = 90.6 %
Accuracy class 5 = 74.2 %
Accuracy class 6 = 84.9 %
Accuracy class 7 = 81.7 %
Accuracy class 8 = 89.0 %
Accuracy class 9 = 92.8 %
epoch: 20, train loss: 0.43143800983428954, val_acc: 0.827, val_loss: 0.5139629234313965
{'name': 'parameter_classifier_0.005', 'noise_type': 'parameter', 'group': 'classifier', 'value': 0.005, 'activation_sigma1': 0.0, 'activation_sigma2': 0.0, 'activation_sigma3': 0.0, 'parameter_omega1': 0.0, 'parameter_omega2': 0.0, 'parameter_omega3': 0.005, 'clean_loss': 0.5139629234313965, 'clean_accuracy': 0.827, 'transfer_fgsm_accuracy': 0.0711, 'transfer_pgd_accuracy': 0.0002, 'training_time_seconds': 112.79672145843506}
[65/67] Experiment: parameter_early_0.01
epoch: 1, train loss: 1.497976943473816, val_acc: 0.5719, val_loss: 1.1859578210830688
epoch: 2, train loss: 1.110284247817993, val_acc: 0.6583, val_loss: 0.9610165653228759
epoch: 3, train loss: 0.9468688885688782, val_acc: 0.6762, val_loss: 0.9451852172851563
epoch: 4, train loss: 0.8627458872795105, val_acc: 0.7119, val_loss: 0.8207979933738708
epoch: 5, train loss: 0.7812765430831909, val_acc: 0.7316, val_loss: 0.7834023142814637
epoch: 6, train loss: 0.7235837103462219, val_acc: 0.7413, val_loss: 0.7443980600357055
epoch: 7, train loss: 0.6831075854682922, val_acc: 0.7632, val_loss: 0.6767596402168274
epoch: 8, train loss: 0.6532972931480407, val_acc: 0.7545, val_loss: 0.7500601480484009
epoch: 9, train loss: 0.6210901832962036, val_acc: 0.7887, val_loss: 0.613064627456665
epoch: 10, train loss: 0.6007588243103027, val_acc: 0.7653, val_loss: 0.6775254023551941
epoch: 11, train loss: 0.572733922996521, val_acc: 0.7784, val_loss: 0.6461713579177857
epoch: 12, train loss: 0.5530789771842957, val_acc: 0.7988, val_loss: 0.5773140836715698
epoch: 13, train loss: 0.5343201407432556, val_acc: 0.7958, val_loss: 0.6028239532470703
epoch: 14, train loss: 0.5148206829833984, val_acc: 0.7937, val_loss: 0.6077108941078186
epoch: 15, train loss: 0.5010825952339172, val_acc: 0.7985, val_loss: 0.6072621448516846
epoch: 16, train loss: 0.488667462348938, val_acc: 0.8163, val_loss: 0.5342524295806885
epoch: 17, train loss: 0.47671750960350034, val_acc: 0.8176, val_loss: 0.5268700349807739
epoch: 18, train loss: 0.45669031297683715, val_acc: 0.8156, val_loss: 0.556185555934906
epoch: 19, train loss: 0.44996628863334653, val_acc: 0.8205, val_loss: 0.5253765336990357
Accuracy class 0 = 85.7 %
Accuracy class 1 = 95.0 %
Accuracy class 2 = 77.8 %
Accuracy class 3 = 71.9 %
Accuracy class 4 = 89.9 %
Accuracy class 5 = 66.5 %
Accuracy class 6 = 85.2 %
Accuracy class 7 = 76.8 %
Accuracy class 8 = 89.0 %
Accuracy class 9 = 87.8 %
epoch: 20, train loss: 0.43655151067733766, val_acc: 0.8256, val_loss: 0.5074695335388184
{'name': 'parameter_early_0.01', 'noise_type': 'parameter', 'group': 'early', 'value': 0.01, 'activation_sigma1': 0.0, 'activation_sigma2': 0.0, 'activation_sigma3': 0.0, 'parameter_omega1': 0.01, 'parameter_omega2': 0.0, 'parameter_omega3': 0.0, 'clean_loss': 0.5074695335388184, 'clean_accuracy': 0.8256, 'transfer_fgsm_accuracy': 0.0656, 'transfer_pgd_accuracy': 0.0001, 'training_time_seconds': 113.7400734424591}
[66/67] Experiment: parameter_late_0.01
epoch: 1, train loss: 1.4970716714096068, val_acc: 0.5633, val_loss: 1.2214641736984253
epoch: 2, train loss: 1.1114561164474488, val_acc: 0.639, val_loss: 1.0265293167114258
epoch: 3, train loss: 0.9440539769172669, val_acc: 0.6727, val_loss: 0.9773636087417602
epoch: 4, train loss: 0.8562027107429504, val_acc: 0.7106, val_loss: 0.8120270224571228
epoch: 5, train loss: 0.7808381935501099, val_acc: 0.7299, val_loss: 0.7835139980316163
epoch: 6, train loss: 0.7221204371261597, val_acc: 0.742, val_loss: 0.7589781318664551
epoch: 7, train loss: 0.685682263431549, val_acc: 0.7568, val_loss: 0.6855619834899902
epoch: 8, train loss: 0.647541531791687, val_acc: 0.7658, val_loss: 0.7122847236633301
epoch: 9, train loss: 0.6176426662063599, val_acc: 0.7778, val_loss: 0.6466379511833191
epoch: 10, train loss: 0.5951491123008728, val_acc: 0.7565, val_loss: 0.7360963854789734
epoch: 11, train loss: 0.5689929180717468, val_acc: 0.7859, val_loss: 0.627955027294159
epoch: 12, train loss: 0.5478141614341736, val_acc: 0.801, val_loss: 0.5856792274475098
epoch: 13, train loss: 0.5255828341293335, val_acc: 0.7937, val_loss: 0.6045235001564025
epoch: 14, train loss: 0.5075168427467346, val_acc: 0.8042, val_loss: 0.5818631505012513
epoch: 15, train loss: 0.4967275270080566, val_acc: 0.8008, val_loss: 0.5888574026107788
epoch: 16, train loss: 0.4893744277191162, val_acc: 0.8152, val_loss: 0.5383901511192322
epoch: 17, train loss: 0.47761422883987426, val_acc: 0.8157, val_loss: 0.5371328316688537
epoch: 18, train loss: 0.45265905626297, val_acc: 0.8249, val_loss: 0.5191219382286072
epoch: 19, train loss: 0.4436273645877838, val_acc: 0.8227, val_loss: 0.5230848055839539
Accuracy class 0 = 88.6 %
Accuracy class 1 = 94.4 %
Accuracy class 2 = 70.8 %
Accuracy class 3 = 71.2 %
Accuracy class 4 = 87.6 %
Accuracy class 5 = 72.9 %
Accuracy class 6 = 88.2 %
Accuracy class 7 = 83.1 %
Accuracy class 8 = 83.3 %
Accuracy class 9 = 88.2 %
epoch: 20, train loss: 0.43181201650619505, val_acc: 0.8283, val_loss: 0.5048733984947205
{'name': 'parameter_late_0.01', 'noise_type': 'parameter', 'group': 'late', 'value': 0.01, 'activation_sigma1': 0.0, 'activation_sigma2': 0.0, 'activation_sigma3': 0.0, 'parameter_omega1': 0.0, 'parameter_omega2': 0.01, 'parameter_omega3': 0.0, 'clean_loss': 0.5048733984947205, 'clean_accuracy': 0.8283, 'transfer_fgsm_accuracy': 0.0609, 'transfer_pgd_accuracy': 0.0001, 'training_time_seconds': 112.42025017738342}
[67/67] Experiment: parameter_classifier_0.01
epoch: 1, train loss: 1.499842353553772, val_acc: 0.554, val_loss: 1.2170688484191894
epoch: 2, train loss: 1.1117156159973145, val_acc: 0.6288, val_loss: 1.0700743417739869
epoch: 3, train loss: 0.9443000077819824, val_acc: 0.6613, val_loss: 0.9882410469055176
epoch: 4, train loss: 0.8635228471183777, val_acc: 0.7011, val_loss: 0.8543234517097473
epoch: 5, train loss: 0.7796184730911255, val_acc: 0.7294, val_loss: 0.7962512656211853
epoch: 6, train loss: 0.7226414338874817, val_acc: 0.7416, val_loss: 0.7519143336296081
epoch: 7, train loss: 0.6818365860366822, val_acc: 0.746, val_loss: 0.7164225178718567
epoch: 8, train loss: 0.6519958546638489, val_acc: 0.7568, val_loss: 0.7192335675239563
epoch: 9, train loss: 0.6179889618301392, val_acc: 0.7804, val_loss: 0.6374841799736023
epoch: 10, train loss: 0.5950140228652954, val_acc: 0.7749, val_loss: 0.6660515235900879
epoch: 11, train loss: 0.566935029220581, val_acc: 0.8002, val_loss: 0.5804846632957459
epoch: 12, train loss: 0.5494646361923218, val_acc: 0.7964, val_loss: 0.600365449810028
epoch: 13, train loss: 0.5285544602298736, val_acc: 0.8094, val_loss: 0.5597078146934509
epoch: 14, train loss: 0.5111784037971496, val_acc: 0.7997, val_loss: 0.6015011685371399
epoch: 15, train loss: 0.4949276428031921, val_acc: 0.8088, val_loss: 0.5706957647323608
epoch: 16, train loss: 0.4859507752227783, val_acc: 0.8087, val_loss: 0.5524241089820862
epoch: 17, train loss: 0.4739740194606781, val_acc: 0.8074, val_loss: 0.5605645649909973
epoch: 18, train loss: 0.45027727672576906, val_acc: 0.8116, val_loss: 0.548180237865448
epoch: 19, train loss: 0.44746113286972045, val_acc: 0.8216, val_loss: 0.541768519115448
Accuracy class 0 = 88.7 %
Accuracy class 1 = 94.0 %
Accuracy class 2 = 74.8 %
Accuracy class 3 = 64.9 %
Accuracy class 4 = 91.0 %
Accuracy class 5 = 74.8 %
Accuracy class 6 = 84.3 %
Accuracy class 7 = 80.1 %
Accuracy class 8 = 86.7 %
Accuracy class 9 = 90.6 %
epoch: 20, train loss: 0.4328223145389557, val_acc: 0.8299, val_loss: 0.5090839805603027
{'name': 'parameter_classifier_0.01', 'noise_type': 'parameter', 'group': 'classifier', 'value': 0.01, 'activation_sigma1': 0.0, 'activation_sigma2': 0.0, 'activation_sigma3': 0.0, 'parameter_omega1': 0.0, 'parameter_omega2': 0.0, 'parameter_omega3': 0.01, 'clean_loss': 0.5090839805603027, 'clean_accuracy': 0.8299, 'transfer_fgsm_accuracy': 0.0545, 'transfer_pgd_accuracy': 0.0002, 'training_time_seconds': 112.68106770515442}
Results: /home/arilmusaev/gaussian/experiment_outputs_gaussian_grid_v2/results.csv
